,City,year,AverageTemperature
1252,Baghdad,1819,20.13125001192093
1253,Baghdad,1820,21.578428488050186
1254,Baghdad,1821,22.829666614108614
1255,Baghdad,1822,20.87154536299272
1256,Baghdad,1823,18.95877776167128
1257,Baghdad,1824,22.956166625976564
1258,Baghdad,1825,22.361666633288067
1259,Baghdad,1826,22.275749921162923
1260,Baghdad,1827,23.152833318074546
1261,Baghdad,1828,22.21266672817866
1262,Baghdad,1829,22.282166772524516
1263,Baghdad,1830,22.61075001970927
1264,Baghdad,1831,21.736666673024498
1265,Baghdad,1832,21.301083210627237
1266,Baghdad,1833,22.131250031789147
1267,Baghdad,1834,21.907000072161356
1268,Baghdad,1835,21.51000003496806
1269,Baghdad,1836,21.940499970753987
1270,Baghdad,1837,21.781750021616617
1271,Baghdad,1838,21.490083136399587
1272,Baghdad,1839,21.71383321348826
1273,Baghdad,1840,21.790916832923887
1274,Baghdad,1841,21.847083292007444
1275,Baghdad,1842,22.37699984804789
1276,Baghdad,1843,22.181499939282734
1277,Baghdad,1844,21.92758335494995
1278,Baghdad,1845,22.036916699727374
1279,Baghdad,1846,22.645083380381266
1280,Baghdad,1847,22.34766656446457
1281,Baghdad,1848,22.106750045458472
1282,Baghdad,1849,22.344583501815794
1283,Baghdad,1850,21.75458334604899
1284,Baghdad,1851,22.747000029246013
1285,Baghdad,1852,22.33624991416931
1286,Baghdad,1853,22.671500023523965
1287,Baghdad,1854,21.96116680240631
1288,Baghdad,1855,22.556166776974994
1289,Baghdad,1856,21.96249984900157
1290,Baghdad,1857,21.518249914805097
1291,Baghdad,1858,22.47875019391378
1292,Baghdad,1859,22.478000082015992
1293,Baghdad,1860,22.616833271662397
1294,Baghdad,1861,21.344583283265433
1295,Baghdad,1862,21.2584167192777
1296,Baghdad,1863,21.587833329200745
1297,Baghdad,1864,22.286166826248166
1298,Baghdad,1865,22.58966659609477
1299,Baghdad,1866,22.18850000349681
1300,Baghdad,1867,22.407166653315226
1301,Baghdad,1868,22.35325013256073
1302,Baghdad,1869,22.72141668923696
1303,Baghdad,1870,22.62983315817515
1304,Baghdad,1871,22.25983325513204
1305,Baghdad,1872,22.641249947547916
1306,Baghdad,1873,22.89116651789347
1307,Baghdad,1874,22.380583349545798
1308,Baghdad,1875,22.072583186467487
1309,Baghdad,1876,22.605416561762492
1310,Baghdad,1877,23.05275001557668
1311,Baghdad,1878,22.92441676330566
1312,Baghdad,1879,23.119250029563904
1313,Baghdad,1880,21.714749827067056
1314,Baghdad,1881,22.7669165503184
1315,Baghdad,1882,21.886249890327452
1316,Baghdad,1883,22.6723334458669
1317,Baghdad,1884,22.036916659990947
1318,Baghdad,1885,22.347083292007444
1319,Baghdad,1886,22.087083415985106
1320,Baghdad,1887,22.533166696548463
1321,Baghdad,1888,23.073666619618734
1322,Baghdad,1889,22.88524984709422
1323,Baghdad,1890,22.065416700045265
1324,Baghdad,1891,22.569583334922793
1325,Baghdad,1892,22.858750131924946
1326,Baghdad,1893,22.424249943733216
1327,Baghdad,1894,21.631249992052716
1328,Baghdad,1895,22.046666723887128
1329,Baghdad,1896,21.667166767756143
1330,Baghdad,1897,21.91624991575877
1331,Baghdad,1898,21.876500104586285
1332,Baghdad,1899,22.696083479245505
1333,Baghdad,1900,22.45633336607615
1334,Baghdad,1901,23.655333426157636
1335,Baghdad,1902,23.214500054677327
1336,Baghdad,1903,22.098666687170663
1337,Baghdad,1904,22.276916684627533
1338,Baghdad,1905,22.078583425998687
1339,Baghdad,1906,22.16316671403249
1340,Baghdad,1907,21.52883336130778
1341,Baghdad,1908,22.260999839782713
1342,Baghdad,1909,23.123166772842406
1343,Baghdad,1910,22.186083086649575
1344,Baghdad,1911,20.984583256244658
1345,Baghdad,1912,22.70133346780141
1346,Baghdad,1913,21.996083415667215
1347,Baghdad,1914,22.16649988683065
1348,Baghdad,1915,22.99766659228007
1349,Baghdad,1916,22.645583560943603
1350,Baghdad,1917,22.932083390553796
1351,Baghdad,1918,22.176250069936117
1352,Baghdad,1919,22.873833335876466
1353,Baghdad,1920,21.510750007788342
1354,Baghdad,1921,22.196999894142152
1355,Baghdad,1922,22.931583408673603
1356,Baghdad,1923,22.57925016784668
1357,Baghdad,1924,22.919250085194907
1358,Baghdad,1925,22.346833221594494
1359,Baghdad,1926,22.504583266576134
1360,Baghdad,1927,22.697500114440917
1361,Baghdad,1928,22.5954999961853
1362,Baghdad,1929,22.79358348242442
1363,Baghdad,1930,22.997416780153912
1364,Baghdad,1931,22.62258316262563
1365,Baghdad,1932,22.366500228563947
1366,Baghdad,1933,21.864583373069763
1367,Baghdad,1934,22.30766676235199
1368,Baghdad,1935,23.282000072161356
1369,Baghdad,1936,22.69050012969971
1370,Baghdad,1937,23.040583332856496
1371,Baghdad,1938,22.54608339182536
1372,Baghdad,1939,22.47383340740204
1373,Baghdad,1940,23.277500036557516
1374,Baghdad,1941,22.89933344491323
1375,Baghdad,1942,23.017916633288067
1376,Baghdad,1943,22.436666617393495
1377,Baghdad,1944,22.95883331521352
1378,Baghdad,1945,22.16074999586741
1379,Baghdad,1946,22.523499863624576
1380,Baghdad,1947,23.63083332061768
1381,Baghdad,1948,22.113916770299273
1382,Baghdad,1949,21.852250049591063
1383,Baghdad,1950,21.933333384990693
1384,Baghdad,1951,23.00958332379659
1385,Baghdad,1952,23.013916539827985
1386,Baghdad,1953,22.23925015115738
1387,Baghdad,1954,23.14524972311656
1388,Baghdad,1955,23.14958317756653
1389,Baghdad,1956,22.34166672229767
1390,Baghdad,1957,22.327083500226337
1391,Baghdad,1958,23.16633338514964
1392,Baghdad,1959,22.152500036557516
1393,Baghdad,1960,23.697833276748657
1394,Baghdad,1961,22.746083336194356
1395,Baghdad,1962,23.907999956448872
1396,Baghdad,1963,23.12199991003672
1397,Baghdad,1964,22.18658320760727
1398,Baghdad,1965,23.07758324368795
1399,Baghdad,1966,23.906916642506918
1400,Baghdad,1967,21.997583202362062
1401,Baghdad,1968,22.85683335590363
1402,Baghdad,1969,23.296999925931292
1403,Baghdad,1970,23.417249998728437
1404,Baghdad,1971,22.646833376566573
1405,Baghdad,1972,22.10566669178009
1406,Baghdad,1973,22.904000021934507
1407,Baghdad,1974,22.357666857719423
1408,Baghdad,1975,22.66850001303355
1409,Baghdad,1976,22.47900012524923
1410,Baghdad,1977,23.029666783650715
1411,Baghdad,1978,23.203416666030886
1412,Baghdad,1979,24.196333331108093
1413,Baghdad,1980,23.249416667938235
1414,Baghdad,1981,23.236833174705506
1415,Baghdad,1982,22.03125007947286
1416,Baghdad,1983,22.353416832923887
1417,Baghdad,1984,22.73758320713043
1418,Baghdad,1985,23.017666503270465
1419,Baghdad,1986,23.152333296457925
1420,Baghdad,1987,23.53891666698456
1421,Baghdad,1988,22.93775009028117
1422,Baghdad,1989,23.049416743437448
1423,Baghdad,1990,23.40591667874654
1424,Baghdad,1991,23.208999936103822
1425,Baghdad,1992,21.521999977588653
1426,Baghdad,1993,22.859500005404154
1427,Baghdad,1994,23.465833538373314
1428,Baghdad,1995,23.317999959627787
1429,Baghdad,1996,23.958000131289165
1430,Baghdad,1997,22.744250109036766
1431,Baghdad,1998,24.332999972343444
1432,Baghdad,1999,24.423583142280577
1433,Baghdad,2000,23.89633331521352
1434,Baghdad,2001,24.445916699409484
1435,Baghdad,2002,23.76475000190735
1436,Baghdad,2003,23.88000005722046
1437,Baghdad,2004,23.72149999968211
1438,Baghdad,2005,23.578333435058596
1439,Baghdad,2006,23.816249963442484
1440,Baghdad,2007,23.924750084559122
1441,Baghdad,2008,24.089500094413754
1442,Baghdad,2009,23.86733333301544
1443,Baghdad,2010,25.493916549364727
1444,Baghdad,2011,23.43750003973643
1445,Baghdad,2012,24.344833353678386
1446,Baghdad,2013,25.142874978065493
6778,Harbin,1820,2.172200006103515
6779,Harbin,1821,3.3305834329923
6780,Harbin,1822,3.3268333602746325
6781,Harbin,1823,2.7860833071867623
6782,Harbin,1824,3.789416628996531
6783,Harbin,1825,3.5593332692782087
6784,Harbin,1826,3.4764999376932777
6785,Harbin,1827,4.028500069856643
6786,Harbin,1828,3.24883339548111
6787,Harbin,1829,3.114916575113932
6788,Harbin,1830,3.3937499662240342
6789,Harbin,1831,2.3363333835601803
6790,Harbin,1832,2.543749984105428
6791,Harbin,1833,2.9314166387716933
6792,Harbin,1834,3.4512499388058977
6793,Harbin,1835,2.5136666184266407
6794,Harbin,1836,2.953666696707408
6795,Harbin,1837,2.5264166828791303
6796,Harbin,1838,3.063000021616618
6797,Harbin,1839,2.201000037272771
6798,Harbin,1840,3.350333333174388
6799,Harbin,1841,2.190333329995473
6800,Harbin,1842,3.0798334204355875
6801,Harbin,1843,3.5484166803359987
6802,Harbin,1844,3.234583375453949
6803,Harbin,1845,3.1771666239102685
6804,Harbin,1846,3.7990833625793456
6805,Harbin,1847,3.3702499138514206
6806,Harbin,1848,3.635249966303508
6807,Harbin,1849,3.653666641076406
6808,Harbin,1850,2.223583327054977
6809,Harbin,1851,1.846416728973389
6810,Harbin,1852,2.126166594584783
6811,Harbin,1853,2.2171666743755343
6812,Harbin,1854,3.5449166879653933
6813,Harbin,1855,4.124333218415578
6814,Harbin,1856,3.2748333175182345
6815,Harbin,1857,2.944249993801117
6816,Harbin,1858,3.712416637897491
6817,Harbin,1859,3.20858327460289
6818,Harbin,1860,2.0976667035420737
6819,Harbin,1861,2.45433339881897
6820,Harbin,1862,2.9812499841054283
6821,Harbin,1863,3.9329166738192245
6822,Harbin,1864,3.360083357334137
6823,Harbin,1865,2.9041665434837345
6824,Harbin,1866,3.4013333923021953
6825,Harbin,1867,3.442416657368342
6826,Harbin,1868,3.5224166490236914
6827,Harbin,1869,3.6875000397364297
6828,Harbin,1870,2.734083413441976
6829,Harbin,1871,2.910749916394552
6830,Harbin,1872,2.8345833873748774
6831,Harbin,1873,2.9245833841959636
6832,Harbin,1874,3.813749974568685
6833,Harbin,1875,3.7836666982968645
6834,Harbin,1876,3.727333340167999
6835,Harbin,1877,3.5917499930063883
6836,Harbin,1878,3.402499952117602
6837,Harbin,1879,3.2879166932900747
6838,Harbin,1880,3.526250002384186
6839,Harbin,1881,3.1199167118072513
6840,Harbin,1882,3.8137499547004694
6841,Harbin,1883,3.355250020345052
6842,Harbin,1884,2.5140832302570346
6843,Harbin,1885,3.0714999619325005
6844,Harbin,1886,3.828916608174642
6845,Harbin,1887,3.2581666289965305
6846,Harbin,1888,2.795916651725769
6847,Harbin,1889,2.9220833456516266
6848,Harbin,1890,3.9873333552678427
6849,Harbin,1891,3.4540000676314033
6850,Harbin,1892,2.1579999365806577
6851,Harbin,1893,2.6442500772476194
6852,Harbin,1894,4.144333377758662
6853,Harbin,1895,2.5902500076293946
6854,Harbin,1896,2.843333308696747
6855,Harbin,1897,3.540416612625122
6856,Harbin,1898,4.180833336512248
6857,Harbin,1899,4.327999994595846
6858,Harbin,1900,3.8086667261123655
6859,Harbin,1901,3.860750059445699
6860,Harbin,1902,3.4374999900658927
6861,Harbin,1903,4.126250004371006
6862,Harbin,1904,3.46574995970726
6863,Harbin,1905,3.9573333298365276
6864,Harbin,1906,3.193916672547658
6865,Harbin,1907,3.474333349545797
6866,Harbin,1908,3.1116667326291405
6867,Harbin,1909,2.6939166924158733
6868,Harbin,1910,2.632999968369802
6869,Harbin,1911,3.1853333323796593
6870,Harbin,1912,2.7177499517997106
6871,Harbin,1913,3.046333362897237
6872,Harbin,1914,3.8779166404406227
6873,Harbin,1915,1.7151667567888893
6874,Harbin,1916,3.1706666707197826
6875,Harbin,1917,2.7303333903948466
6876,Harbin,1918,3.2511665846506754
6877,Harbin,1919,3.6050833597183227
6878,Harbin,1920,3.856750035524368
6879,Harbin,1921,3.8683332769076024
6880,Harbin,1922,2.5448333973884583
6881,Harbin,1923,2.9973332610925034
6882,Harbin,1924,2.9940000187555946
6883,Harbin,1925,4.0687500218550365
6884,Harbin,1926,3.8300833915074666
6885,Harbin,1927,3.6066666555404665
6886,Harbin,1928,3.425333357016246
6887,Harbin,1929,3.292333309173584
6888,Harbin,1930,3.841083370367686
6889,Harbin,1931,2.706833198944727
6890,Harbin,1932,4.50466669623057
6891,Harbin,1933,3.694666685104371
6892,Harbin,1934,3.6109999709129337
6893,Harbin,1935,3.959999929666519
6894,Harbin,1936,2.802416614850362
6895,Harbin,1937,3.080666644096375
6896,Harbin,1938,3.7953334289391836
6897,Harbin,1939,4.207416739622752
6898,Harbin,1940,3.600666664361954
6899,Harbin,1941,3.257749917825063
6900,Harbin,1942,3.7463332774639126
6901,Harbin,1943,4.861833249211311
6902,Harbin,1944,4.015166732947033
6903,Harbin,1945,3.207750050942103
6904,Harbin,1946,4.078416725635528
6905,Harbin,1947,2.4404167000452675
6906,Harbin,1948,4.7259167248408
6907,Harbin,1949,4.285083273887634
6908,Harbin,1950,4.079083238999049
6909,Harbin,1951,4.0907499398390454
6910,Harbin,1952,3.308083294709524
6911,Harbin,1953,3.565666631380717
6912,Harbin,1954,3.4634166811307274
6913,Harbin,1955,4.1172499828338625
6914,Harbin,1956,2.3278332544962566
6915,Harbin,1957,3.1101666975816094
6916,Harbin,1958,3.791000053962072
6917,Harbin,1959,4.944833370566369
6918,Harbin,1960,3.644999950726827
6919,Harbin,1961,4.4555000530083975
6920,Harbin,1962,4.150833271344503
6921,Harbin,1963,4.145333222309748
6922,Harbin,1964,3.7343332851727804
6923,Harbin,1965,2.915249991734823
6924,Harbin,1966,3.4649166466395056
6925,Harbin,1967,4.507416656176249
6926,Harbin,1968,4.309166618585587
6927,Harbin,1969,2.301250089804331
6928,Harbin,1970,3.703666696707408
6929,Harbin,1971,4.295416620175044
6930,Harbin,1972,3.543416613181432
6931,Harbin,1973,3.9499166935284933
6932,Harbin,1974,3.3335833838780715
6933,Harbin,1975,5.4804167604446405
6934,Harbin,1976,3.4521666119893393
6935,Harbin,1977,3.5761665488878887
6936,Harbin,1978,4.07949994023641
6937,Harbin,1979,4.301666741371155
6938,Harbin,1980,3.4356665940284725
6939,Harbin,1981,4.057916673819224
6940,Harbin,1982,5.296333372831344
6941,Harbin,1983,4.460000053842863
6942,Harbin,1984,3.766666638851165
6943,Harbin,1985,3.6341667914390565
6944,Harbin,1986,4.189166626135508
6945,Harbin,1987,3.6281667307217913
6946,Harbin,1988,4.622333330631256
6947,Harbin,1989,5.358416636824607
6948,Harbin,1990,5.718166727542877
6949,Harbin,1991,4.6473332988421125
6950,Harbin,1992,4.609666685899099
6951,Harbin,1993,4.635916598876317
6952,Harbin,1994,4.930083383560181
6953,Harbin,1995,5.449416721582413
6954,Harbin,1996,4.816083392222722
6955,Harbin,1997,5.377083337306977
6956,Harbin,1998,5.6996666876872375
6957,Harbin,1999,4.611916624228159
6958,Harbin,2000,4.204749911308289
6959,Harbin,2001,4.460916652520498
6960,Harbin,2002,5.083416599075
6961,Harbin,2003,5.543916706820329
6962,Harbin,2004,5.429916693131129
6963,Harbin,2005,4.292999991416931
6964,Harbin,2006,4.715166657447814
6965,Harbin,2007,6.236916753371556
6966,Harbin,2008,5.843333308696747
6967,Harbin,2009,4.319499925136566
6968,Harbin,2010,3.85224998998642
6969,Harbin,2011,4.6002500028610225
6970,Harbin,2012,4.071499902327855
6971,Harbin,2013,5.616875115633011
9596,Kiev,1743,0.8949999904632568
9597,Kiev,1744,9.498624960422516
9598,Kiev,1745,-2.4837500226497653
9599,Kiev,1746,
9600,Kiev,1747,
9601,Kiev,1748,
9602,Kiev,1749,
9603,Kiev,1750,7.846272706291892
9604,Kiev,1751,8.110124972820282
9605,Kiev,1752,1.2143333543141683
9606,Kiev,1753,6.902333333710829
9607,Kiev,1754,7.01583339035511
9608,Kiev,1755,6.883583302915096
9609,Kiev,1756,7.6093332814474905
9610,Kiev,1757,7.5570000018775465
9611,Kiev,1758,5.510416626930237
9612,Kiev,1759,6.645083339092632
9613,Kiev,1760,5.906416630824407
9614,Kiev,1761,7.2800000257417565
9615,Kiev,1762,7.115499956846237
9616,Kiev,1763,6.12283330754439
9617,Kiev,1764,7.379666644076505
9618,Kiev,1765,7.287666647712389
9619,Kiev,1766,7.165166676322619
9620,Kiev,1767,6.851999924540519
9621,Kiev,1768,5.686666686932246
9622,Kiev,1769,6.81200000290821
9623,Kiev,1770,6.925250016768774
9624,Kiev,1771,6.2296667007009185
9625,Kiev,1772,7.331416716257731
9626,Kiev,1773,7.705583270631731
9627,Kiev,1774,7.4555833063324295
9628,Kiev,1775,8.220666756153106
9629,Kiev,1776,6.922666706739615
9630,Kiev,1777,6.681249968210857
9631,Kiev,1778,7.550083300883571
9632,Kiev,1779,8.071666657328604
9633,Kiev,1780,6.987249985218049
9634,Kiev,1781,7.312666615923246
9635,Kiev,1782,6.445166709204515
9636,Kiev,1783,7.1389999819000565
9637,Kiev,1784,6.916749992012978
9638,Kiev,1785,5.624833339373271
9639,Kiev,1786,6.291250039935112
9640,Kiev,1787,7.194833374757319
9641,Kiev,1788,6.492666550892095
9642,Kiev,1789,7.6702500191529595
9643,Kiev,1790,7.057083287487427
9644,Kiev,1791,7.985999978363513
9645,Kiev,1792,6.900666765938202
9646,Kiev,1793,7.172499992251396
9647,Kiev,1794,7.868666652798653
9648,Kiev,1795,7.094999959667525
9649,Kiev,1796,7.071083358794451
9650,Kiev,1797,8.421416654715935
9651,Kiev,1798,7.6176667278433845
9652,Kiev,1799,6.020666732311248
9653,Kiev,1800,6.945249987363815
9654,Kiev,1801,8.062333359241485
9655,Kiev,1802,7.950250075628361
9656,Kiev,1803,6.339833284040292
9657,Kiev,1804,6.873499994754791
9658,Kiev,1805,6.362666598290205
9659,Kiev,1806,7.496500005145868
9660,Kiev,1807,7.6123332956631975
9661,Kiev,1808,6.293666635165612
9662,Kiev,1809,5.632833337545395
9663,Kiev,1810,5.925916644374529
9664,Kiev,1811,6.846916627034545
9665,Kiev,1812,5.51150007746617
9666,Kiev,1813,6.311416631420453
9667,Kiev,1814,6.098499970975021
9668,Kiev,1815,5.716583461523055
9669,Kiev,1816,6.241333322068055
9670,Kiev,1817,6.69191664879024
9671,Kiev,1818,7.070666663765906
9672,Kiev,1819,7.044333306233089
9673,Kiev,1820,6.0847498716712
9674,Kiev,1821,6.896083319306373
9675,Kiev,1822,7.600083362102509
9676,Kiev,1823,7.336416706422965
9677,Kiev,1824,8.43866668399175
9678,Kiev,1825,6.721999981562296
9679,Kiev,1826,7.271333338186145
9680,Kiev,1827,7.671499978820482
9681,Kiev,1828,5.94525001406173
9682,Kiev,1829,5.205833374261856
9683,Kiev,1830,6.624249982476235
9684,Kiev,1831,6.248500018348296
9685,Kiev,1832,4.920333299795787
9686,Kiev,1833,6.792583240509033
9687,Kiev,1834,7.533583349357048
9688,Kiev,1835,6.2598334289789195
9689,Kiev,1836,6.984249942441782
9690,Kiev,1837,6.069749980648358
9691,Kiev,1838,5.689499997059504
9692,Kiev,1839,6.457999962409338
9693,Kiev,1840,5.476833253979684
9694,Kiev,1841,7.388499972701073
9695,Kiev,1842,6.1504166545470556
9696,Kiev,1843,7.553416663050651
9697,Kiev,1844,5.935499978105227
9698,Kiev,1845,6.27733338089784
9699,Kiev,1846,7.342499945958455
9700,Kiev,1847,6.391416722416878
9701,Kiev,1848,7.6942499987681705
9702,Kiev,1849,6.498166673501333
9703,Kiev,1850,6.820416657924652
9704,Kiev,1851,7.777499882578851
9705,Kiev,1852,6.426999926030636
9706,Kiev,1853,7.044666654805343
9707,Kiev,1854,6.838916705230872
9708,Kiev,1855,6.320333315193653
9709,Kiev,1856,6.818999902278185
9710,Kiev,1857,7.078916687647502
9711,Kiev,1858,6.285083283821741
9712,Kiev,1859,7.95783336759607
9713,Kiev,1860,7.062666730165482
9714,Kiev,1861,6.059083342909813
9715,Kiev,1862,5.461916683336099
9716,Kiev,1863,7.981333269715308
9717,Kiev,1864,5.830666663964589
9718,Kiev,1865,6.42866661922137
9719,Kiev,1866,7.377250015318393
9720,Kiev,1867,6.179666647553444
9721,Kiev,1868,7.104249917507172
9722,Kiev,1869,7.888416582783063
9723,Kiev,1870,5.814916713198026
9724,Kiev,1871,5.493916616419952
9725,Kiev,1872,8.1112499593695
9726,Kiev,1873,7.566166633129121
9727,Kiev,1874,7.173000004554788
9728,Kiev,1875,5.079833362072706
9729,Kiev,1876,6.376999997059504
9730,Kiev,1877,6.326583406587442
9731,Kiev,1878,7.81533339349033
9732,Kiev,1879,6.609333424250285
9733,Kiev,1880,6.275666695157686
9734,Kiev,1881,5.704750006924073
9735,Kiev,1882,7.728249961197377
9736,Kiev,1883,6.629666706164678
9737,Kiev,1884,6.737250008190672
9738,Kiev,1885,7.32291668963929
9739,Kiev,1886,6.939249926646551
9740,Kiev,1887,7.1029166846474014
9741,Kiev,1888,5.633749966025352
9742,Kiev,1889,6.636416670163473
9743,Kiev,1890,7.153750048999985
9744,Kiev,1891,6.8158333565791445
9745,Kiev,1892,7.126999977191289
9746,Kiev,1893,5.656333290576935
9747,Kiev,1894,6.480500060955683
9748,Kiev,1895,6.70066668621699
9749,Kiev,1896,6.482333352684975
9750,Kiev,1897,7.512166561027368
9751,Kiev,1898,6.86308338055263
9752,Kiev,1899,7.065583308517933
9753,Kiev,1900,7.0063333732783795
9754,Kiev,1901,7.582333344116807
9755,Kiev,1902,5.82225004216532
9756,Kiev,1903,8.078999945938588
9757,Kiev,1904,6.425500000258286
9758,Kiev,1905,7.353833285808563
9759,Kiev,1906,7.962416697502136
9760,Kiev,1907,5.88258338634173
9761,Kiev,1908,5.93033331489563
9762,Kiev,1909,6.792333309173583
9763,Kiev,1910,7.973333428005378
9764,Kiev,1911,6.184916651010513
9765,Kiev,1912,5.886250001465281
9766,Kiev,1913,7.770416701634725
9767,Kiev,1914,7.435250049253305
9768,Kiev,1915,6.986666720211506
9769,Kiev,1916,7.231250013907751
9770,Kiev,1917,6.278416590531667
9771,Kiev,1918,7.5652499936285125
9772,Kiev,1919,6.304249971151353
9773,Kiev,1920,7.050583397626877
9774,Kiev,1921,7.290666623433431
9775,Kiev,1922,6.672583223223686
9776,Kiev,1923,7.547833333373069
9777,Kiev,1924,6.3884999801516535
9778,Kiev,1925,8.140500019431114
9779,Kiev,1926,7.2027499937216435
9780,Kiev,1927,6.887083446780841
9781,Kiev,1928,6.072083393335343
9782,Kiev,1929,5.875499962011973
9783,Kiev,1930,7.7106666715145105
9784,Kiev,1931,6.111333338111639
9785,Kiev,1932,7.4537500245372454
9786,Kiev,1933,5.28725004084905
9787,Kiev,1934,8.118583387056987
9788,Kiev,1935,7.036666646699111
9789,Kiev,1936,8.298749914666017
9790,Kiev,1937,8.031250064571699
9791,Kiev,1938,8.449666672786076
9792,Kiev,1939,8.187000020603339
9793,Kiev,1940,5.7941666853427884
9794,Kiev,1941,5.374250027179719
9795,Kiev,1942,4.750249985973041
9796,Kiev,1943,7.141500021375716
9797,Kiev,1944,7.768916762202978
9798,Kiev,1945,6.124250034630298
9799,Kiev,1946,7.542166714360317
9800,Kiev,1947,6.962166685452064
9801,Kiev,1948,7.582083273082972
9802,Kiev,1949,7.964583337803681
9803,Kiev,1950,7.231249989072482
9804,Kiev,1951,7.560833319226901
9805,Kiev,1952,7.15241669134299
9806,Kiev,1953,6.910583240866661
9807,Kiev,1954,6.700416607266913
9808,Kiev,1955,7.3849999977151555
9809,Kiev,1956,5.671583343903223
9810,Kiev,1957,8.108833331853152
9811,Kiev,1958,7.389500070571899
9812,Kiev,1959,7.261333329916
9813,Kiev,1960,7.9057500280539195
9814,Kiev,1961,8.083916665395101
9815,Kiev,1962,7.689666687488557
9816,Kiev,1963,6.564083266019821
9817,Kiev,1964,6.998750023568671
9818,Kiev,1965,6.326916588142514
9819,Kiev,1966,8.652083310484885
9820,Kiev,1967,7.668833299517632
9821,Kiev,1968,7.134916689753532
9822,Kiev,1969,5.965833319822948
9823,Kiev,1970,7.48266658949852
9824,Kiev,1971,7.533000044614076
9825,Kiev,1972,8.002499892016251
9826,Kiev,1973,7.168666663726171
9827,Kiev,1974,7.79683331373334
9828,Kiev,1975,9.093833218554655
9829,Kiev,1976,5.957583333194255
9830,Kiev,1977,7.255916695634524
9831,Kiev,1978,6.460583351135253
9832,Kiev,1979,7.432583409686884
9833,Kiev,1980,6.159166680177052
9834,Kiev,1981,8.200999977668125
9835,Kiev,1982,7.816999990900357
9836,Kiev,1983,8.580166662216186
9837,Kiev,1984,7.311333375302453
9838,Kiev,1985,5.798250014742216
9839,Kiev,1986,7.348333337667088
9840,Kiev,1987,5.231166638890902
9841,Kiev,1988,7.245416579445203
9842,Kiev,1989,9.263083413490405
9843,Kiev,1990,8.898249969542027
9844,Kiev,1991,7.892666635207831
9845,Kiev,1992,8.06816668979327
9846,Kiev,1993,6.893499987701575
9847,Kiev,1994,7.978416712472836
9848,Kiev,1995,8.257083419362704
9849,Kiev,1996,6.99708330988884
9850,Kiev,1997,7.207083408435185
9851,Kiev,1998,7.7351665808558465
9852,Kiev,1999,8.97266665883859
9853,Kiev,2000,8.818750071525573
9854,Kiev,2001,8.423999995013078
9855,Kiev,2002,8.87483338904381
9856,Kiev,2003,7.799083417216937
9857,Kiev,2004,8.323583326558271
9858,Kiev,2005,8.38741665627559
9859,Kiev,2006,7.884499951263269
9860,Kiev,2007,9.456000054756801
9861,Kiev,2008,9.238249935939908
9862,Kiev,2009,8.819749975681304
9863,Kiev,2010,8.965000015447538
9864,Kiev,2011,8.479666673382123
9865,Kiev,2012,8.564583252867063
9866,Kiev,2013,10.33137498280406
11991,Mashhad,1832,9.864555594642958
11992,Mashhad,1833,10.479555677228504
11993,Mashhad,1834,12.017916710277397
11994,Mashhad,1835,13.108999978820483
11995,Mashhad,1836,
11996,Mashhad,1837,12.692454479694367
11997,Mashhad,1838,11.446916673103969
11998,Mashhad,1839,11.674583319624263
11999,Mashhad,1840,11.825916645492116
12000,Mashhad,1841,11.537416626969973
12001,Mashhad,1842,12.324083209097386
12002,Mashhad,1843,12.390166668375334
12003,Mashhad,1844,11.762333303610484
12004,Mashhad,1845,11.886750022461017
12005,Mashhad,1846,12.541666693985462
12006,Mashhad,1847,12.100500014057383
12007,Mashhad,1848,11.7085001013726
12008,Mashhad,1849,12.1474166589578
12009,Mashhad,1850,11.827583323160807
12010,Mashhad,1851,12.345916727224987
12011,Mashhad,1852,12.187249991675218
12012,Mashhad,1853,12.102499915113052
12013,Mashhad,1854,12.086083201388519
12014,Mashhad,1855,12.607916729450226
12015,Mashhad,1856,12.087749957288304
12016,Mashhad,1857,11.606249948094288
12017,Mashhad,1858,12.246666642179092
12018,Mashhad,1859,12.537833298405012
12019,Mashhad,1860,12.007666734039782
12020,Mashhad,1861,11.645500029464563
12021,Mashhad,1862,11.346499979813894
12022,Mashhad,1863,12.07466661193967
12023,Mashhad,1864,11.7351666724359
12024,Mashhad,1865,12.053583352237938
12025,Mashhad,1866,11.894666669209798
12026,Mashhad,1867,12.457500002880892
12027,Mashhad,1868,12.25425010023266
12028,Mashhad,1869,12.3903332631886
12029,Mashhad,1870,12.460999910811582
12030,Mashhad,1871,12.133250093420346
12031,Mashhad,1872,12.620333389451106
12032,Mashhad,1873,12.664749912997086
12033,Mashhad,1874,12.452000105341277
12034,Mashhad,1875,12.70733334846298
12035,Mashhad,1876,12.195416626880567
12036,Mashhad,1877,12.42775009132425
12037,Mashhad,1878,12.660000052849453
12038,Mashhad,1879,12.747750016967457
12039,Mashhad,1880,12.299333279013632
12040,Mashhad,1881,12.807999985506136
12041,Mashhad,1882,12.022083357572555
12042,Mashhad,1883,12.31441665184498
12043,Mashhad,1884,11.914166687726976
12044,Mashhad,1885,11.758750052948793
12045,Mashhad,1886,11.483916695694129
12046,Mashhad,1887,12.227833339432875
12047,Mashhad,1888,13.122583381175994
12048,Mashhad,1889,11.982666706845166
12049,Mashhad,1890,12.321333272745212
12050,Mashhad,1891,11.684333428223928
12051,Mashhad,1892,12.41316662959258
12052,Mashhad,1893,12.338666736642521
12053,Mashhad,1894,11.895499954493095
12054,Mashhad,1895,12.50808327881495
12055,Mashhad,1896,12.171666694084804
12056,Mashhad,1897,11.962333300133546
12057,Mashhad,1898,11.670416610240936
12058,Mashhad,1899,13.146749964296818
12059,Mashhad,1900,11.854833388646442
12060,Mashhad,1901,12.663416671444972
12061,Mashhad,1902,12.880833370288213
12062,Mashhad,1903,11.708666639685632
12063,Mashhad,1904,12.135416686534882
12064,Mashhad,1905,12.141499988158543
12065,Mashhad,1906,12.594249943385522
12066,Mashhad,1907,11.736749952736
12067,Mashhad,1908,12.101083391365906
12068,Mashhad,1909,12.595416646003722
12069,Mashhad,1910,11.654750056842962
12070,Mashhad,1911,11.486499947826069
12071,Mashhad,1912,12.513916801840066
12072,Mashhad,1913,12.556499949216843
12073,Mashhad,1914,13.10008324289322
12074,Mashhad,1915,13.790916673978169
12075,Mashhad,1916,11.87791664292415
12076,Mashhad,1917,13.055500027676423
12077,Mashhad,1918,11.97349999922514
12078,Mashhad,1919,12.630000007549922
12079,Mashhad,1920,11.272999931414923
12080,Mashhad,1921,12.543333332538603
12081,Mashhad,1922,13.130583374381066
12082,Mashhad,1923,11.990166648010414
12083,Mashhad,1924,12.100999993065992
12084,Mashhad,1925,13.093666769027712
12085,Mashhad,1926,12.60425006155173
12086,Mashhad,1927,12.770916601558525
12087,Mashhad,1928,11.927666625658672
12088,Mashhad,1929,11.3640000425602
12089,Mashhad,1930,11.235749999841055
12090,Mashhad,1931,11.60466656410694
12091,Mashhad,1932,11.615000009735425
12092,Mashhad,1933,12.310083331505458
12093,Mashhad,1934,11.44741655564308
12094,Mashhad,1935,12.339666710337005
12095,Mashhad,1936,12.578916616866985
12096,Mashhad,1937,12.080000011523564
12097,Mashhad,1938,12.989833284536997
12098,Mashhad,1939,12.830583398222922
12099,Mashhad,1940,13.559166707992553
12100,Mashhad,1941,14.023999959746996
12101,Mashhad,1942,13.034166685144108
12102,Mashhad,1943,11.85649988688032
12103,Mashhad,1944,13.29433329629898
12104,Mashhad,1945,12.253666668519378
12105,Mashhad,1946,12.676249992946785
12106,Mashhad,1947,13.58116663591067
12107,Mashhad,1948,12.868416791001955
12108,Mashhad,1949,11.395500012079873
12109,Mashhad,1950,11.403916728874046
12110,Mashhad,1951,12.385833356107275
12111,Mashhad,1952,12.451500078757604
12112,Mashhad,1953,12.796333284200479
12113,Mashhad,1954,12.056249924749137
12114,Mashhad,1955,13.725416653553644
12115,Mashhad,1956,12.446416706124943
12116,Mashhad,1957,11.610833305319149
12117,Mashhad,1958,13.212750008821487
12118,Mashhad,1959,12.119583257685106
12119,Mashhad,1960,12.677250073432923
12120,Mashhad,1961,13.032999986251196
12121,Mashhad,1962,12.596250038544335
12122,Mashhad,1963,13.73558327960968
12123,Mashhad,1964,11.588749962647755
12124,Mashhad,1965,13.143999990691741
12125,Mashhad,1966,13.60891670314471
12126,Mashhad,1967,12.319999986489613
12127,Mashhad,1968,12.688333437244097
12128,Mashhad,1969,11.611833283980687
12129,Mashhad,1970,13.26433335530758
12130,Mashhad,1971,13.456666655043762
12131,Mashhad,1972,10.68850000846386
12132,Mashhad,1973,13.031500020742415
12133,Mashhad,1974,11.48099995591243
12134,Mashhad,1975,12.638583308602373
12135,Mashhad,1976,12.201416683872539
12136,Mashhad,1977,13.313333332935969
12137,Mashhad,1978,12.907166786339134
12138,Mashhad,1979,13.251999972224235
12139,Mashhad,1980,13.407416654189428
12140,Mashhad,1981,13.778583350499472
12141,Mashhad,1982,12.091583346349497
12142,Mashhad,1983,13.691333278854687
12143,Mashhad,1984,12.51691675645113
12144,Mashhad,1985,13.309333373586336
12145,Mashhad,1986,12.762833384831746
12146,Mashhad,1987,13.706916638533274
12147,Mashhad,1988,13.903333439032238
12148,Mashhad,1989,13.22341668132941
12149,Mashhad,1990,13.662000045252343
12150,Mashhad,1991,13.086499942362309
12151,Mashhad,1992,12.395583379646142
12152,Mashhad,1993,12.666333298070976
12153,Mashhad,1994,13.403833326538404
12154,Mashhad,1995,14.010583396832148
12155,Mashhad,1996,13.335333462640643
12156,Mashhad,1997,13.896833356698354
12157,Mashhad,1998,14.106166638890903
12158,Mashhad,1999,14.011166604717573
12159,Mashhad,2000,14.154416633764903
12160,Mashhad,2001,14.642416560759147
12161,Mashhad,2002,14.258833385745683
12162,Mashhad,2003,13.54133329574267
12163,Mashhad,2004,14.301499996304512
12164,Mashhad,2005,14.048750021457671
12165,Mashhad,2006,14.60725000747045
12166,Mashhad,2007,13.735833364923794
12167,Mashhad,2008,13.718416684955358
12168,Mashhad,2009,14.118000050028165
12169,Mashhad,2010,15.21191662621498
12170,Mashhad,2011,13.928583343545595
12171,Mashhad,2012,13.56599991848568
12172,Mashhad,2013,15.938500023365021
12689,Montreal,1743,-1.8539999861717225
12690,Montreal,1744,7.466374877452851
12691,Montreal,1745,-6.058749957084656
12692,Montreal,1746,
12693,Montreal,1747,
12694,Montreal,1748,
12695,Montreal,1749,
12696,Montreal,1750,4.998090891577981
12697,Montreal,1751,5.622875136613846
12698,Montreal,1752,-3.2176665519475933
12699,Montreal,1753,4.439833318312963
12700,Montreal,1754,4.5376667056613496
12701,Montreal,1755,1.160999988794327
12702,Montreal,1756,4.801555528322855
12703,Montreal,1757,3.7003635711669918
12704,Montreal,1758,3.1408333158493043
12705,Montreal,1759,3.91875005364418
12706,Montreal,1760,2.356363628994335
12707,Montreal,1761,4.980999957041306
12708,Montreal,1762,4.662899919939042
12709,Montreal,1763,1.8185000329017638
12710,Montreal,1764,4.244400024127961
12711,Montreal,1765,3.6631817573038017
12712,Montreal,1766,4.998833375612895
12713,Montreal,1767,3.2364545906565407
12714,Montreal,1768,3.7135834659338
12715,Montreal,1769,4.0897499462763465
12716,Montreal,1770,4.099083361710111
12717,Montreal,1771,4.7485832393864795
12718,Montreal,1772,4.571666625042757
12719,Montreal,1773,4.985416609048843
12720,Montreal,1774,4.253090824170546
12721,Montreal,1775,5.263749998410543
12722,Montreal,1776,4.322583354105552
12723,Montreal,1777,3.8070833706855773
12724,Montreal,1778,1.7099000823020933
12725,Montreal,1779,4.87416673908631
12726,Montreal,1780,7.465374913692474
12727,Montreal,1781,4.660750035603841
12728,Montreal,1782,4.072083363533021
12729,Montreal,1783,3.769083217938741
12730,Montreal,1784,3.4870833432177704
12731,Montreal,1785,3.4773334146738057
12732,Montreal,1786,3.986583302974701
12733,Montreal,1787,3.9919999695420265
12734,Montreal,1788,4.686333460052809
12735,Montreal,1789,4.369750015169383
12736,Montreal,1790,4.317083202004433
12737,Montreal,1791,4.2935833681821824
12738,Montreal,1792,3.697416694720586
12739,Montreal,1793,4.814833358049393
12740,Montreal,1794,4.811166710019111
12741,Montreal,1795,4.207333369572957
12742,Montreal,1796,4.073833384553592
12743,Montreal,1797,3.863833370447159
12744,Montreal,1798,4.532166702985764
12745,Montreal,1799,4.082583309600751
12746,Montreal,1800,4.667333239634832
12747,Montreal,1801,5.069249956548214
12748,Montreal,1802,5.263500064591566
12749,Montreal,1803,4.873083353122076
12750,Montreal,1804,4.597249990818401
12751,Montreal,1805,5.23466682000955
12752,Montreal,1806,4.22816660853227
12753,Montreal,1807,4.056749895453453
12754,Montreal,1808,4.332083353797595
12755,Montreal,1809,3.5640000052452088
12756,Montreal,1810,4.09499995470047
12757,Montreal,1811,4.296749979694684
12758,Montreal,1812,2.565083269516627
12759,Montreal,1813,3.8199167145391306
12760,Montreal,1814,3.623333325435718
12761,Montreal,1815,3.2211666386922198
12762,Montreal,1816,2.8075833227634432
12763,Montreal,1817,2.7346666213274005
12764,Montreal,1818,3.304916667364538
12765,Montreal,1819,3.9122500135302545
12766,Montreal,1820,3.8799166871706645
12767,Montreal,1821,3.7574999368190767
12768,Montreal,1822,4.283416677554448
12769,Montreal,1823,3.323166667540868
12770,Montreal,1824,4.097750004053116
12771,Montreal,1825,5.020833402872086
12772,Montreal,1826,4.964249949494998
12773,Montreal,1827,4.253416701793671
12774,Montreal,1828,5.312500058362882
12775,Montreal,1829,3.858416621923446
12776,Montreal,1830,4.671500043392181
12777,Montreal,1831,4.100166617910067
12778,Montreal,1832,3.9260832416713236
12779,Montreal,1833,3.9579166917006177
12780,Montreal,1834,4.062499970197678
12781,Montreal,1835,2.93658330198129
12782,Montreal,1836,2.6460833391745884
12783,Montreal,1837,2.829416734099388
12784,Montreal,1838,3.366666702926159
12785,Montreal,1839,4.192583337863287
12786,Montreal,1840,4.353166613499324
12787,Montreal,1841,4.019333385209243
12788,Montreal,1842,3.8770833571751915
12789,Montreal,1843,3.5896666060288744
12790,Montreal,1844,3.1899166088898974
12791,Montreal,1845,3.5457500047584376
12792,Montreal,1846,4.414416549523671
12793,Montreal,1847,4.115083342532317
12794,Montreal,1848,4.1975833007097245
12795,Montreal,1849,3.6653332525094346
12796,Montreal,1850,3.8084166917105517
12797,Montreal,1851,3.665833393335342
12798,Montreal,1852,3.92908332045873
12799,Montreal,1853,4.066499996602535
12800,Montreal,1854,3.7782499125202498
12801,Montreal,1855,4.023916708906492
12802,Montreal,1856,3.213916660527388
12803,Montreal,1857,3.8623334210813045
12804,Montreal,1858,3.5494999148050947
12805,Montreal,1859,3.5534167226552964
12806,Montreal,1860,4.1033333983023965
12807,Montreal,1861,4.015166708111763
12808,Montreal,1862,3.4456666587988534
12809,Montreal,1863,3.814666744609674
12810,Montreal,1864,4.550749946494897
12811,Montreal,1865,4.45658323563387
12812,Montreal,1866,3.849583277155956
12813,Montreal,1867,3.569000077366829
12814,Montreal,1868,3.332250019391378
12815,Montreal,1869,3.760166745265325
12816,Montreal,1870,5.268166657755772
12817,Montreal,1871,3.8233332387606307
12818,Montreal,1872,3.7952500340541206
12819,Montreal,1873,3.331916718006134
12820,Montreal,1874,3.669749967734019
12821,Montreal,1875,2.2160834001700085
12822,Montreal,1876,3.9491667269170283
12823,Montreal,1877,5.3693333449761065
12824,Montreal,1878,5.666250072220961
12825,Montreal,1879,3.7147499909798305
12826,Montreal,1880,4.696583322048188
12827,Montreal,1881,4.953833342432976
12828,Montreal,1882,4.1294166705211
12829,Montreal,1883,3.0539166747331614
12830,Montreal,1884,4.146000048597654
12831,Montreal,1885,3.1016666417817276
12832,Montreal,1886,3.9494167066812516
12833,Montreal,1887,3.6001666427453363
12834,Montreal,1888,3.124166676998138
12835,Montreal,1889,5.130333341221014
12836,Montreal,1890,3.665499898235003
12837,Montreal,1891,5.119916712583353
12838,Montreal,1892,4.248749960859617
12839,Montreal,1893,3.5160832881629474
12840,Montreal,1894,4.945166766325633
12841,Montreal,1895,4.577916643172503
12842,Montreal,1896,4.159250015457471
12843,Montreal,1897,4.506083346327146
12844,Montreal,1898,5.417083399568995
12845,Montreal,1899,4.805583369165659
12846,Montreal,1900,4.66133335338533
12847,Montreal,1901,4.670666621049246
12848,Montreal,1902,4.621083341782292
12849,Montreal,1903,4.585666675239802
12850,Montreal,1904,2.9019999851385756
12851,Montreal,1905,3.827083385984103
12852,Montreal,1906,4.544916593591372
12853,Montreal,1907,3.6239999915361403
12854,Montreal,1908,4.653750114192565
12855,Montreal,1909,4.476250031193097
12856,Montreal,1910,4.880249968687694
12857,Montreal,1911,4.808499966144562
12858,Montreal,1912,3.6969166569610437
12859,Montreal,1913,5.444749906142552
12860,Montreal,1914,3.595416611234347
12861,Montreal,1915,5.614500050206979
12862,Montreal,1916,4.56933330921332
12863,Montreal,1917,2.8658333079020184
12864,Montreal,1918,4.135500001947086
12865,Montreal,1919,4.750249978522461
12866,Montreal,1920,4.647749945441881
12867,Montreal,1921,5.881166649321716
12868,Montreal,1922,4.921499989996353
12869,Montreal,1923,3.875666662375132
12870,Montreal,1924,4.115999978462855
12871,Montreal,1925,4.388250030189752
12872,Montreal,1926,3.263416679097339
12873,Montreal,1927,5.184166638453801
12874,Montreal,1928,4.657083309963346
12875,Montreal,1929,4.390666673849027
12876,Montreal,1930,5.255666684826215
12877,Montreal,1931,6.108333430687587
12878,Montreal,1932,5.273666762669881
12879,Montreal,1933,4.712916599909465
12880,Montreal,1934,3.970916622916858
12881,Montreal,1935,4.138166701118151
12882,Montreal,1936,4.204166683554649
12883,Montreal,1937,5.832416719754537
12884,Montreal,1938,5.389250074664751
12885,Montreal,1939,4.320499993205071
12886,Montreal,1940,4.009333368867636
12887,Montreal,1941,5.152166730205217
12888,Montreal,1942,5.301833327492079
12889,Montreal,1943,3.8922500302071374
12890,Montreal,1944,4.965666619459788
12891,Montreal,1945,5.232833315938712
12892,Montreal,1946,5.371166661540667
12893,Montreal,1947,5.02516667726636
12894,Montreal,1948,5.186916667938232
12895,Montreal,1949,6.144000001867613
12896,Montreal,1950,4.981416694402695
12897,Montreal,1951,5.278249949773152
12898,Montreal,1952,5.765250003655751
12899,Montreal,1953,6.626000078002612
12900,Montreal,1954,4.841666647791862
12901,Montreal,1955,5.222583317659795
12902,Montreal,1956,4.46375010172526
12903,Montreal,1957,5.44366670147578
12904,Montreal,1958,4.425749997407197
12905,Montreal,1959,5.184750016460816
12906,Montreal,1960,5.4364999766349795
12907,Montreal,1961,5.249000016371409
12908,Montreal,1962,4.381499933322271
12909,Montreal,1963,4.432833373308182
12910,Montreal,1964,5.3057500130285815
12911,Montreal,1965,4.537166720469792
12912,Montreal,1966,5.24650002749761
12913,Montreal,1967,4.5533333277702335
12914,Montreal,1968,4.6194167100588475
12915,Montreal,1969,5.218416708548864
12916,Montreal,1970,4.6489167337417605
12917,Montreal,1971,4.674916645844777
12918,Montreal,1972,3.9936666503151255
12919,Montreal,1973,6.03133331417044
12920,Montreal,1974,4.545249989971519
12921,Montreal,1975,5.536499983588854
12922,Montreal,1976,4.120583180467288
12923,Montreal,1977,5.192583385050297
12924,Montreal,1978,4.174499964475632
12925,Montreal,1979,5.617083273623138
12926,Montreal,1980,4.3574166581630704
12927,Montreal,1981,5.6751666690707205
12928,Montreal,1982,4.755583369414012
12929,Montreal,1983,5.765749965667724
12930,Montreal,1984,5.362166694641114
12931,Montreal,1985,4.612750041604042
12932,Montreal,1986,4.806833340009054
12933,Montreal,1987,5.467500065167745
12934,Montreal,1988,5.291083404143651
12935,Montreal,1989,4.251583365360896
12936,Montreal,1990,6.065916612386704
12937,Montreal,1991,5.824916693528493
12938,Montreal,1992,4.413083340878289
12939,Montreal,1993,4.516416616556545
12940,Montreal,1994,4.718249998251597
12941,Montreal,1995,5.4695834422111504
12942,Montreal,1996,5.254416685422261
12943,Montreal,1997,4.539583316942056
12944,Montreal,1998,7.004083289662997
12945,Montreal,1999,6.711333304087321
12946,Montreal,2000,5.137750009814898
12947,Montreal,2001,6.463999943653743
12948,Montreal,2002,6.014583368599415
12949,Montreal,2003,4.916083284934362
12950,Montreal,2004,4.908583308378856
12951,Montreal,2005,5.951083288113277
12952,Montreal,2006,6.954166579246521
12953,Montreal,2007,5.245999977941314
12954,Montreal,2008,5.616833390871683
12955,Montreal,2009,5.274416626214982
12956,Montreal,2010,7.114416637937228
12957,Montreal,2011,6.521249984900156
12958,Montreal,2012,7.09400001825889
12959,Montreal,2013,7.860333348274231
12960,Moscow,1743,-2.569999966621399
12961,Moscow,1744,6.644374960958958
12962,Moscow,1745,-6.133250028848648
12963,Moscow,1746,
12964,Moscow,1747,
12965,Moscow,1748,
12966,Moscow,1749,
12967,Moscow,1750,4.844272705619986
12968,Moscow,1751,5.065999962568283
12969,Moscow,1752,-2.0816666674613953
12970,Moscow,1753,3.868583362221718
12971,Moscow,1754,4.070166607379913
12972,Moscow,1755,3.990249965906143
12973,Moscow,1756,4.508083308617274
12974,Moscow,1757,4.65933327522315
12975,Moscow,1758,2.2201666649977367
12976,Moscow,1759,3.448166647672654
12977,Moscow,1760,2.4093333159685133
12978,Moscow,1761,4.144000031669935
12979,Moscow,1762,4.096333353956541
12980,Moscow,1763,2.906249990065893
12981,Moscow,1764,4.348333435455958
12982,Moscow,1765,4.296333283424378
12983,Moscow,1766,4.232916685057183
12984,Moscow,1767,4.049083298007647
12985,Moscow,1768,2.718833365082741
12986,Moscow,1769,3.8515832840719573
12987,Moscow,1770,3.9716666255394615
12988,Moscow,1771,3.2287499554951986
12989,Moscow,1772,3.9255833827257156
12990,Moscow,1773,4.790833383401234
12991,Moscow,1774,4.467333374738693
12992,Moscow,1775,5.29041678895553
12993,Moscow,1776,4.163416695038477
12994,Moscow,1777,3.7781666790644333
12995,Moscow,1778,4.259833344539007
12996,Moscow,1779,4.990750007390976
12997,Moscow,1780,3.9044166834354406
12998,Moscow,1781,3.9227499980926517
12999,Moscow,1782,3.3275000226497653
13000,Moscow,1783,3.887083332538605
13001,Moscow,1784,3.849249999364217
13002,Moscow,1785,2.645500056783358
13003,Moscow,1786,3.38391669122378
13004,Moscow,1787,4.140416604677836
13005,Moscow,1788,3.3129166515668236
13006,Moscow,1789,4.600583334048589
13007,Moscow,1790,3.775916646361351
13008,Moscow,1791,4.795749991099039
13009,Moscow,1792,3.847333392222722
13010,Moscow,1793,4.32216676090161
13011,Moscow,1794,4.985499984065692
13012,Moscow,1795,4.051749997178713
13013,Moscow,1796,4.111833363453548
13014,Moscow,1797,5.1930833396116896
13015,Moscow,1798,4.587499968210856
13016,Moscow,1799,3.3538334224025412
13017,Moscow,1800,3.796333293358485
13018,Moscow,1801,4.739583283662796
13019,Moscow,1802,4.484166654348374
13020,Moscow,1803,3.346166618824005
13021,Moscow,1804,3.915249991734823
13022,Moscow,1805,3.645833340473473
13023,Moscow,1806,4.177583384752274
13024,Moscow,1807,4.154249945819378
13025,Moscow,1808,3.206333301504453
13026,Moscow,1809,1.9035000748236974
13027,Moscow,1810,2.088250005602837
13028,Moscow,1811,3.2112500259280203
13029,Moscow,1812,2.4040000716050467
13030,Moscow,1813,3.452083326379458
13031,Moscow,1814,2.7919166625738145
13032,Moscow,1815,2.815499970753988
13033,Moscow,1816,3.2268333632548654
13034,Moscow,1817,3.1680833589831985
13035,Moscow,1818,4.110666639725367
13036,Moscow,1819,3.3907500749429063
13037,Moscow,1820,3.124083326816559
13038,Moscow,1821,3.883583332717419
13039,Moscow,1822,5.0096667137146
13040,Moscow,1823,3.9878333222468694
13041,Moscow,1824,4.982583311339219
13042,Moscow,1825,3.595833346620202
13043,Moscow,1826,4.838916681016484
13044,Moscow,1827,4.3723333504994715
13045,Moscow,1828,2.777499976952871
13046,Moscow,1829,2.445666708469391
13047,Moscow,1830,3.643833316405614
13048,Moscow,1831,3.5024166486263275
13049,Moscow,1832,2.617166592915853
13050,Moscow,1833,3.9316666259864967
13051,Moscow,1834,3.8612499866882963
13052,Moscow,1835,2.8936666756471
13053,Moscow,1836,4.033666658560435
13054,Moscow,1837,2.972499958475431
13055,Moscow,1838,2.852083309491475
13056,Moscow,1839,3.4943333598772686
13057,Moscow,1840,2.457499990463257
13058,Moscow,1841,4.464000028093657
13059,Moscow,1842,3.5144167104562123
13060,Moscow,1843,4.814666662653288
13061,Moscow,1844,2.9959999015728633
13062,Moscow,1845,2.932750067519645
13063,Moscow,1846,3.7567499639987947
13064,Moscow,1847,4.017083439429601
13065,Moscow,1848,4.4395832329988485
13066,Moscow,1849,3.1819999579501648
13067,Moscow,1850,3.526833309610685
13068,Moscow,1851,4.516749959230423
13069,Moscow,1852,3.0544999695420265
13070,Moscow,1853,3.8674167030652367
13071,Moscow,1854,4.36283336943388
13072,Moscow,1855,3.4390000847180686
13073,Moscow,1856,3.07833343009154
13074,Moscow,1857,3.8087500514586767
13075,Moscow,1858,3.875083370049795
13076,Moscow,1859,4.985583309412003
13077,Moscow,1860,3.661833339611689
13078,Moscow,1861,3.2516666162014007
13079,Moscow,1862,1.5790833383401235
13080,Moscow,1863,5.408666642727951
13081,Moscow,1864,3.2134167009989425
13082,Moscow,1865,3.2734999406139056
13083,Moscow,1866,4.305000053246816
13084,Moscow,1867,2.2930833515326183
13085,Moscow,1868,3.7775833271344497
13086,Moscow,1869,5.04383332062761
13087,Moscow,1870,2.6677500175510844
13088,Moscow,1871,2.254416620850563
13089,Moscow,1872,5.082416671325763
13090,Moscow,1873,4.128999989151954
13091,Moscow,1874,4.3645833532015486
13092,Moscow,1875,1.4972499957388887
13093,Moscow,1876,3.0155833720962204
13094,Moscow,1877,3.126000013430913
13095,Moscow,1878,5.134249992609024
13096,Moscow,1879,3.5627500108083088
13097,Moscow,1880,3.2394167174100876
13098,Moscow,1881,2.8359166574875516
13099,Moscow,1882,4.962750031173229
13100,Moscow,1883,4.028916651884715
13101,Moscow,1884,3.3397500692109268
13102,Moscow,1885,3.996750078042348
13103,Moscow,1886,3.99308332259953
13104,Moscow,1887,4.433416665633519
13105,Moscow,1888,2.2558333007494613
13106,Moscow,1889,3.572083374708891
13107,Moscow,1890,4.633083342144887
13108,Moscow,1891,3.97274996928374
13109,Moscow,1892,3.314583327372869
13110,Moscow,1893,2.5974166283560916
13111,Moscow,1894,4.014166645010312
13112,Moscow,1895,3.656000033895175
13113,Moscow,1896,3.441166690250238
13114,Moscow,1897,4.488833320776622
13115,Moscow,1898,4.043833391408126
13116,Moscow,1899,3.7589167315810923
13117,Moscow,1900,3.267583331902822
13118,Moscow,1901,4.572833336353303
13119,Moscow,1902,2.6709999944567677
13120,Moscow,1903,5.238833333194256
13121,Moscow,1904,3.3116666471958163
13122,Moscow,1905,4.5394167047441005
13123,Moscow,1906,5.057416667103768
13124,Moscow,1907,2.3942499381701157
13125,Moscow,1908,2.56241668955485
13126,Moscow,1909,3.761083353877068
13127,Moscow,1910,5.032750030080478
13128,Moscow,1911,3.3872499956488613
13129,Moscow,1912,3.139000025206556
13130,Moscow,1913,4.824333346565564
13131,Moscow,1914,4.5715834064881005
13132,Moscow,1915,3.5149999729792274
13133,Moscow,1916,4.068833347201347
13134,Moscow,1917,3.283166654328505
13135,Moscow,1918,4.052249988993009
13136,Moscow,1919,3.1849999912579854
13137,Moscow,1920,4.6410000174542265
13138,Moscow,1921,4.329250063538551
13139,Moscow,1922,4.012999973436197
13140,Moscow,1923,3.9374167119065926
13141,Moscow,1924,3.667499999602636
13142,Moscow,1925,5.393666690548261
13143,Moscow,1926,3.3740833566188813
13144,Moscow,1927,3.4987499856948854
13145,Moscow,1928,3.295499955455462
13146,Moscow,1929,3.009750014225642
13147,Moscow,1930,4.546749953772872
13148,Moscow,1931,3.282083323001862
13149,Moscow,1932,5.095416643520196
13150,Moscow,1933,2.71816663813591
13151,Moscow,1934,5.262666639765104
13152,Moscow,1935,4.558250054677328
13153,Moscow,1936,5.363583340391517
13154,Moscow,1937,5.157583262662093
13155,Moscow,1938,5.918083316763242
13156,Moscow,1939,4.62658337032795
13157,Moscow,1940,3.1582500119606656
13158,Moscow,1941,1.6738332573970158
13159,Moscow,1942,2.0863333636919656
13160,Moscow,1943,4.634333342790604
13161,Moscow,1944,4.761000023563703
13162,Moscow,1945,2.937416689554851
13163,Moscow,1946,4.0939166789427395
13164,Moscow,1947,3.76983335963885
13165,Moscow,1948,4.778666586438815
13166,Moscow,1949,5.273666634768248
13167,Moscow,1950,3.92958336442709
13168,Moscow,1951,3.9931666063467666
13169,Moscow,1952,4.207416660149892
13170,Moscow,1953,4.004333295504252
13171,Moscow,1954,4.0357500058015185
13172,Moscow,1955,3.7145833477377894
13173,Moscow,1956,2.4544999402364094
13174,Moscow,1957,5.378166705886524
13175,Moscow,1958,3.888416701992353
13176,Moscow,1959,4.304583292404811
13177,Moscow,1960,4.49550003020962
13178,Moscow,1961,5.275500061849753
13179,Moscow,1962,4.537750010311604
13180,Moscow,1963,3.171833342293898
13181,Moscow,1964,4.422583287795384
13182,Moscow,1965,3.350166732152303
13183,Moscow,1966,4.813500080486139
13184,Moscow,1967,4.5546666307896375
13185,Moscow,1968,3.5785832769870756
13186,Moscow,1969,2.4668333382209138
13187,Moscow,1970,4.269666639407476
13188,Moscow,1971,4.368666667699814
13189,Moscow,1972,5.269666639407476
13190,Moscow,1973,4.482750009218852
13191,Moscow,1974,5.450500020623207
13192,Moscow,1975,6.014249957938989
13193,Moscow,1976,2.6513333326975506
13194,Moscow,1977,4.427083373069764
13195,Moscow,1978,3.2145000000397363
13196,Moscow,1979,4.3691667042175935
13197,Moscow,1980,3.4095000212987263
13198,Moscow,1981,5.674499969442685
13199,Moscow,1982,4.74766671148936
13200,Moscow,1983,5.652000054677327
13201,Moscow,1984,4.419416656414668
13202,Moscow,1985,3.3027500652472175
13203,Moscow,1986,4.194416709065437
13204,Moscow,1987,2.4884999995231634
13205,Moscow,1988,4.891166731476784
13206,Moscow,1989,6.625083340247472
13207,Moscow,1990,5.807416684488455
13208,Moscow,1991,5.618833286106586
13209,Moscow,1992,5.35941668999195
13210,Moscow,1993,4.152416736046473
13211,Moscow,1994,4.13150001279513
13212,Moscow,1995,5.882916638056437
13213,Moscow,1996,4.551916781981785
13214,Moscow,1997,4.556749964992206
13215,Moscow,1998,4.471250008742015
13216,Moscow,1999,5.944416669329008
13217,Moscow,2000,5.960916671767831
13218,Moscow,2001,5.316166652997334
13219,Moscow,2002,5.634250017444292
13220,Moscow,2003,4.9876666069825495
13221,Moscow,2004,5.315583378056686
13222,Moscow,2005,5.5424166593551645
13223,Moscow,2006,4.910999874427914
13224,Moscow,2007,6.426999973217647
13225,Moscow,2008,6.759083366751671
13226,Moscow,2009,5.685416627923647
13227,Moscow,2010,5.914666759014129
13228,Moscow,2011,6.009833390484253
13229,Moscow,2012,5.200916667222977
13230,Moscow,2013,6.798875106334687
14177,New York,1743,3.2639999694824215
14178,New York,1744,11.660375029325484
14179,New York,1745,1.1344999686479569
14180,New York,1746,
14181,New York,1747,
14182,New York,1748,
14183,New York,1749,
14184,New York,1750,10.0714545081312
14185,New York,1751,10.794625081539154
14186,New York,1752,2.8144999871253966
14187,New York,1753,9.520916633844376
14188,New York,1754,9.882000097327762
14189,New York,1755,6.605699948406219
14190,New York,1756,9.935888871113459
14191,New York,1757,8.886181819352236
14192,New York,1758,8.150249964118004
14193,New York,1759,9.007416674763896
14194,New York,1760,7.726545464645732
14195,New York,1761,10.180909188877452
14196,New York,1762,9.548799980902672
14197,New York,1763,7.228099961371347
14198,New York,1764,9.545400104117395
14199,New York,1765,8.955272760521282
14200,New York,1766,10.09391665317615
14201,New York,1767,8.521363653269681
14202,New York,1768,8.66983327817917
14203,New York,1769,9.10166653374831
14204,New York,1770,9.03883338261644
14205,New York,1771,10.180749967859438
14206,New York,1772,9.641166649520397
14207,New York,1773,10.078749952514967
14208,New York,1774,9.517545463518662
14209,New York,1775,10.242833319862685
14210,New York,1776,9.133636434203945
14211,New York,1777,8.765083283424376
14212,New York,1778,6.885166596253712
14213,New York,1779,0.24666666825612382
14214,New York,1780,
14215,New York,1781,9.787916715641817
14216,New York,1782,9.152249978562196
14217,New York,1783,8.813583241919677
14218,New York,1784,8.40274998776118
14219,New York,1785,8.49391663380464
14220,New York,1786,8.984000048359235
14221,New York,1787,8.974749946475029
14222,New York,1788,9.774416705687841
14223,New York,1789,9.423416689028342
14224,New York,1790,9.394749989589055
14225,New York,1791,9.373583295265833
14226,New York,1792,8.721916690985362
14227,New York,1793,9.882083459099134
14228,New York,1794,9.831833218812942
14229,New York,1795,9.211583290060362
14230,New York,1796,8.966499982198078
14231,New York,1797,8.845083321024974
14232,New York,1798,9.710000058809916
14233,New York,1799,9.190083385000626
14234,New York,1800,9.577166678734123
14235,New York,1801,9.999916654785475
14236,New York,1802,10.285666685422262
14237,New York,1803,10.071249988377094
14238,New York,1804,9.685833329161008
14239,New York,1805,10.43083336631457
14240,New York,1806,9.378583334053866
14241,New York,1807,9.172166810075442
14242,New York,1808,9.568249965469041
14243,New York,1809,8.865833402276039
14244,New York,1810,9.349083346188069
14245,New York,1811,9.425250041604043
14246,New York,1812,7.797750077565511
14247,New York,1813,8.933166612605254
14248,New York,1814,8.697249929785729
14249,New York,1815,8.266250096559524
14250,New York,1816,7.9165833189686134
14251,New York,1817,7.778500026394923
14252,New York,1818,8.127583403627078
14253,New York,1819,9.072166693846386
14254,New York,1820,8.984916709125041
14255,New York,1821,8.52883332902193
14256,New York,1822,9.841749988039334
14257,New York,1823,8.638166651447614
14258,New York,1824,9.292000025173028
14259,New York,1825,10.206166740218798
14260,New York,1826,9.922000047624111
14261,New York,1827,9.26108333649238
14262,New York,1828,10.703666619718076
14263,New York,1829,9.172416724026203
14264,New York,1830,10.319416691680749
14265,New York,1831,9.06516663956642
14266,New York,1832,9.145499958684047
14267,New York,1833,9.153166676580906
14268,New York,1834,9.317833303968111
14269,New York,1835,8.474999952316283
14270,New York,1836,7.51433337020874
14271,New York,1837,8.12033330376943
14272,New York,1838,8.732500088981663
14273,New York,1839,9.170083408196767
14274,New York,1840,9.273666683197021
14275,New York,1841,8.999166586349409
14276,New York,1842,9.408749998807908
14277,New York,1843,8.491166724771261
14278,New York,1844,9.115416730841
14279,New York,1845,9.488250053286553
14280,New York,1846,9.655583258152008
14281,New York,1847,9.304416644195715
14282,New York,1848,9.53708330820004
14283,New York,1849,8.83316662800312
14284,New York,1850,9.095749917586645
14285,New York,1851,9.263499995052815
14286,New York,1852,8.982250032305718
14287,New York,1853,9.675083383460839
14288,New York,1854,9.561333266337712
14289,New York,1855,9.11275000435114
14290,New York,1856,8.202499913374583
14291,New York,1857,8.515416746238868
14292,New York,1858,9.132666712929804
14293,New York,1859,9.169916687965392
14294,New York,1860,9.1845833893617
14295,New York,1861,9.467333327474073
14296,New York,1862,8.997333315730094
14297,New York,1863,9.088166640520095
14298,New York,1864,9.289333358287811
14299,New York,1865,9.638333261162042
14300,New York,1866,8.950250004847843
14301,New York,1867,8.585249887699883
14302,New York,1868,7.948916670163473
14303,New York,1869,8.849499929457902
14304,New York,1870,10.035249940723181
14305,New York,1871,8.93800003651778
14306,New York,1872,8.60516664036115
14307,New York,1873,8.43974999979635
14308,New York,1874,9.056999990701675
14309,New York,1875,7.738999978919824
14310,New York,1876,9.353000141931076
14311,New York,1877,10.153499992246429
14312,New York,1878,10.381499923388164
14313,New York,1879,9.372166620333989
14314,New York,1880,9.988166790649295
14315,New York,1881,9.770583397030832
14316,New York,1882,9.224416700969138
14317,New York,1883,8.588666575213272
14318,New York,1884,9.358583276962241
14319,New York,1885,8.370833263297875
14320,New York,1886,8.898833353757858
14321,New York,1887,9.102749956965447
14322,New York,1888,8.306416685958704
14323,New York,1889,9.856249981932342
14324,New York,1890,9.616916611909867
14325,New York,1891,9.997333321938912
14326,New York,1892,9.147666664799054
14327,New York,1893,8.679250000953674
14328,New York,1894,9.95233332725366
14329,New York,1895,9.219500002622604
14330,New York,1896,9.512333360731601
14331,New York,1897,9.631666729301214
14332,New York,1898,10.237666736125947
14333,New York,1899,9.506583341866731
14334,New York,1900,10.398000057764351
14335,New York,1901,9.288999982396762
14336,New York,1902,9.429749883492788
14337,New York,1903,9.321333395679792
14338,New York,1904,7.8688333183924355
14339,New York,1905,9.10041672060887
14340,New York,1906,9.896833278467257
14341,New York,1907,8.491416682183742
14342,New York,1908,9.867333357850711
14343,New York,1909,9.510000034968058
14344,New York,1910,9.552583315213521
14345,New York,1911,9.909833327651024
14346,New York,1912,9.239583338300386
14347,New York,1913,10.764333365241685
14348,New York,1914,9.02308342564106
14349,New York,1915,9.854249941721559
14350,New York,1916,9.098083332757154
14351,New York,1917,8.244249900420506
14352,New York,1918,9.507750029583772
14353,New York,1919,10.047083271145821
14354,New York,1920,9.193499955167374
14355,New York,1921,10.913416630466779
14356,New York,1922,10.036666716237862
14357,New York,1923,9.513083316167195
14358,New York,1924,8.852583390712738
14359,New York,1925,9.722083346645038
14360,New York,1926,8.541833389071128
14361,New York,1927,9.695083360264698
14362,New York,1928,9.823666674256325
14363,New York,1929,9.965500023404758
14364,New York,1930,10.22216666547209
14365,New York,1931,11.025749891360599
14366,New York,1932,10.436416668673356
14367,New York,1933,10.175750117858252
14368,New York,1934,9.48225000747045
14369,New York,1935,9.47966662867864
14370,New York,1936,9.734416605552036
14371,New York,1937,10.163500020384788
14372,New York,1938,10.421916575128835
14373,New York,1939,10.067916640490294
14374,New York,1940,8.525750040372213
14375,New York,1941,10.191166711360216
14376,New York,1942,9.959583327770233
14377,New York,1943,9.577916644414266
14378,New York,1944,10.012750044584275
14379,New York,1945,9.942833303968111
14380,New York,1946,10.631083356261254
14381,New York,1947,9.907000064089894
14382,New York,1948,9.82599994972845
14383,New York,1949,11.386166671772799
14384,New York,1950,9.724250001847745
14385,New York,1951,10.274333342157304
14386,New York,1952,10.522583317721883
14387,New York,1953,11.174500035566588
14388,New York,1954,10.308666631738346
14389,New York,1955,10.390166613737742
14390,New York,1956,9.752833277530968
14391,New York,1957,10.50308335446318
14392,New York,1958,9.161833379348119
14393,New York,1959,10.773916721324127
14394,New York,1960,9.762416622127096
14395,New York,1961,10.02633333269755
14396,New York,1962,9.316500013987223
14397,New York,1963,9.316083312749862
14398,New York,1964,9.96133336865902
14399,New York,1965,9.628416739046573
14400,New York,1966,9.749500013152758
14401,New York,1967,9.304833362817766
14402,New York,1968,9.745833384990691
14403,New York,1969,9.761416615525881
14404,New York,1970,9.766916704297065
14405,New York,1971,10.014500040769578
14406,New York,1972,9.489750011344752
14407,New York,1973,10.959916574517885
14408,New York,1974,10.078833287795385
14409,New York,1975,10.559583417922259
14410,New York,1976,9.533666787703831
14411,New York,1977,9.958416653712591
14412,New York,1978,9.171249951558808
14413,New York,1979,10.024500036001205
14414,New York,1980,9.858250010967256
14415,New York,1981,9.949000035246213
14416,New York,1982,9.775000022848447
14417,New York,1983,10.509166634976863
14418,New York,1984,10.257333329277733
14419,New York,1985,10.26149999054273
14420,New York,1986,10.15291668812434
14421,New York,1987,10.3198332811594
14422,New York,1988,9.933250000039736
14423,New York,1989,9.661333368907373
14424,New York,1990,11.322499960462252
14425,New York,1991,11.357249937931696
14426,New York,1992,9.572666721050938
14427,New York,1993,10.04091669632991
14428,New York,1994,9.995333368341127
14429,New York,1995,10.236416662837067
14430,New York,1996,9.807083340883255
14431,New York,1997,10.00375004539887
14432,New York,1998,11.823916670163472
14433,New York,1999,11.162583345959584
14434,New York,2000,9.969083279033502
14435,New York,2001,10.931000008314847
14436,New York,2002,11.252166635334492
14437,New York,2003,9.835999965449174
14438,New York,2004,10.38949995873558
14439,New York,2005,10.681416755497457
14440,New York,2006,11.519249990324179
14441,New York,2007,10.627333354944986
14442,New York,2008,10.64166664754351
14443,New York,2009,10.14183329078555
14444,New York,2010,11.357583393295606
14445,New York,2011,11.272249948660532
14446,New York,2012,11.971500074498357
14447,New York,2013,12.163888880279329
15531,Riyadh,1843,24.743272710973567
15532,Riyadh,1844,15.453749947547912
15533,Riyadh,1845,20.820800104522707
15534,Riyadh,1846,
15535,Riyadh,1847,
15536,Riyadh,1848,24.55908315912882
15537,Riyadh,1849,24.79625005245209
15538,Riyadh,1850,24.33908310508728
15539,Riyadh,1851,25.0315001300176
15540,Riyadh,1852,24.848999988555907
15541,Riyadh,1853,24.926999824206035
15542,Riyadh,1854,24.7217498515447
15543,Riyadh,1855,24.915333302179974
15544,Riyadh,1856,24.57075003878276
15545,Riyadh,1857,24.25958328406016
15546,Riyadh,1858,25.01383346780141
15547,Riyadh,1859,24.948583428382875
15548,Riyadh,1860,24.940916681925458
15549,Riyadh,1861,24.13083332061768
15550,Riyadh,1862,23.774583376248682
15551,Riyadh,1863,24.27500008742015
15552,Riyadh,1864,25.03366651948293
15553,Riyadh,1865,25.229166626930237
15554,Riyadh,1866,24.9247499256134
15555,Riyadh,1867,25.22124994913737
15556,Riyadh,1868,25.00466681543986
15557,Riyadh,1869,25.30091647052765
15558,Riyadh,1870,25.01891675599416
15559,Riyadh,1871,24.726666717529298
15560,Riyadh,1872,24.870916675567628
15561,Riyadh,1873,25.23624996185303
15562,Riyadh,1874,24.975750064214072
15563,Riyadh,1875,24.425583506902058
15564,Riyadh,1876,24.89016679255168
15565,Riyadh,1877,25.469833234469096
15566,Riyadh,1878,25.513250056266784
15567,Riyadh,1879,25.24083330790202
15568,Riyadh,1880,24.798833113352458
15569,Riyadh,1881,25.63175021235148
15570,Riyadh,1882,24.66174988015493
15571,Riyadh,1883,25.188916714668277
15572,Riyadh,1884,24.799999976158144
15573,Riyadh,1885,24.977833302179974
15574,Riyadh,1886,24.97599995581309
15575,Riyadh,1887,24.809583101272583
15576,Riyadh,1888,25.126499985376995
15577,Riyadh,1889,25.518083492596944
15578,Riyadh,1890,25.07016666698456
15579,Riyadh,1891,25.38708327293396
15580,Riyadh,1892,25.218833270708718
15581,Riyadh,1893,25.193500140190125
15582,Riyadh,1894,24.664916551272075
15583,Riyadh,1895,24.687666700363156
15584,Riyadh,1896,24.880416768391928
15585,Riyadh,1897,24.85850008138021
15586,Riyadh,1898,24.876583216349285
15587,Riyadh,1899,25.121916480382282
15588,Riyadh,1900,25.289583468437197
15589,Riyadh,1901,25.55116656080882
15590,Riyadh,1902,25.251583256085713
15591,Riyadh,1903,24.64241661167145
15592,Riyadh,1904,25.072083244323732
15593,Riyadh,1905,24.866666491826376
15594,Riyadh,1906,24.85033339277903
15595,Riyadh,1907,24.442166616757714
15596,Riyadh,1908,24.946583262443543
15597,Riyadh,1909,25.567249807993573
15598,Riyadh,1910,24.75283319091797
15599,Riyadh,1911,24.23999996503194
15600,Riyadh,1912,24.960333181381227
15601,Riyadh,1913,24.6320001039505
15602,Riyadh,1914,24.943166620254516
15603,Riyadh,1915,25.37816663138072
15604,Riyadh,1916,24.853750233650207
15605,Riyadh,1917,25.02575000063578
15606,Riyadh,1918,24.65591679795583
15607,Riyadh,1919,25.385499857902527
15608,Riyadh,1920,24.935916545232136
15609,Riyadh,1921,24.83925012334188
15610,Riyadh,1922,25.350166732152303
15611,Riyadh,1923,25.102083349227907
15612,Riyadh,1924,25.690999873161317
15613,Riyadh,1925,25.001166743596396
15614,Riyadh,1926,25.18808341153463
15615,Riyadh,1927,25.29350001303355
15616,Riyadh,1928,25.389750240325927
15617,Riyadh,1929,25.35608336321513
15618,Riyadh,1930,25.39449996884664
15619,Riyadh,1931,25.37958338578542
15620,Riyadh,1932,24.957833470662436
15621,Riyadh,1933,24.665583432197568
15622,Riyadh,1934,24.970916707356768
15623,Riyadh,1935,25.606583345095316
15624,Riyadh,1936,25.148083271662397
15625,Riyadh,1937,25.084916668891907
15626,Riyadh,1938,25.113583131154375
15627,Riyadh,1939,25.156416740099587
15628,Riyadh,1940,25.51241655445099
15629,Riyadh,1941,25.37233335049947
15630,Riyadh,1942,25.486416701952617
15631,Riyadh,1943,24.959583228429157
15632,Riyadh,1944,25.596000017801924
15633,Riyadh,1945,25.300333337148032
15634,Riyadh,1946,25.493999979019165
15635,Riyadh,1947,25.999249888102213
15636,Riyadh,1948,24.84841665649414
15637,Riyadh,1949,24.81516676870982
15638,Riyadh,1950,24.97791669209798
15639,Riyadh,1951,26.10333332379659
15640,Riyadh,1952,25.718000007311502
15641,Riyadh,1953,25.50516663837433
15642,Riyadh,1954,25.801583391189578
15643,Riyadh,1955,25.331666568120323
15644,Riyadh,1956,25.019416777610775
15645,Riyadh,1957,24.68966666762034
15646,Riyadh,1958,25.64225010999044
15647,Riyadh,1959,24.138166745821636
15648,Riyadh,1960,25.6724165576299
15649,Riyadh,1961,25.122416581471764
15650,Riyadh,1962,26.09599993832906
15651,Riyadh,1963,25.544083305358885
15652,Riyadh,1964,25.140499994595846
15653,Riyadh,1965,25.587249917666117
15654,Riyadh,1966,26.164833240826926
15655,Riyadh,1967,24.874666639010112
15656,Riyadh,1968,25.213749982515974
15657,Riyadh,1969,26.053916759173077
15658,Riyadh,1970,25.844333411534624
15659,Riyadh,1971,24.92574992911021
15660,Riyadh,1972,24.737249965349832
15661,Riyadh,1973,25.59858327738444
15662,Riyadh,1974,25.397583250045773
15663,Riyadh,1975,25.04158335622152
15664,Riyadh,1976,24.971916750590008
15665,Riyadh,1977,25.98516684659322
15666,Riyadh,1978,25.950749976793926
15667,Riyadh,1979,26.200500045458472
15668,Riyadh,1980,25.82691652170817
15669,Riyadh,1981,25.950750135739643
15670,Riyadh,1982,24.615833268165588
15671,Riyadh,1983,24.854083276748657
15672,Riyadh,1984,25.05324999745687
15673,Riyadh,1985,25.298916622479755
15674,Riyadh,1986,25.362833376884463
15675,Riyadh,1987,26.37024983437856
15676,Riyadh,1988,25.989833582560223
15677,Riyadh,1989,25.051083369572954
15678,Riyadh,1990,25.701416619300844
15679,Riyadh,1991,25.42583327929179
15680,Riyadh,1992,24.37024983437856
15681,Riyadh,1993,25.416916677474976
15682,Riyadh,1994,26.07933335908254
15683,Riyadh,1995,25.636083388646444
15684,Riyadh,1996,26.28183341153463
15685,Riyadh,1997,25.49275008392334
15686,Riyadh,1998,26.731916825294494
15687,Riyadh,1999,26.915333421389263
15688,Riyadh,2000,26.54566672039032
15689,Riyadh,2001,26.665166641553242
15690,Riyadh,2002,26.436666736602785
15691,Riyadh,2003,26.617249943097434
15692,Riyadh,2004,26.199333301862083
15693,Riyadh,2005,26.26949988937378
15694,Riyadh,2006,26.24316647720337
15695,Riyadh,2007,26.491249939600625
15696,Riyadh,2008,26.21399979464213
15697,Riyadh,2009,26.706249936421713
15698,Riyadh,2010,27.37474994945526
15699,Riyadh,2011,26.396749986648558
15700,Riyadh,2012,26.8347501672109
15701,Riyadh,2013,27.777500016689302
15973,Saint Petersburg,1743,0.4160000042915344
15974,Saint Petersburg,1744,6.19199993377924
15975,Saint Petersburg,1745,-6.385750038832426
15976,Saint Petersburg,1746,
15977,Saint Petersburg,1747,
15978,Saint Petersburg,1748,
15979,Saint Petersburg,1749,
15980,Saint Petersburg,1750,4.728363645596938
15981,Saint Petersburg,1751,4.3833749349117275
15982,Saint Petersburg,1752,-0.8416666626930239
15983,Saint Petersburg,1753,3.7727499553759896
15984,Saint Petersburg,1754,3.8869167178571224
15985,Saint Petersburg,1755,3.849083348671595
15986,Saint Petersburg,1756,4.180250029285749
15987,Saint Petersburg,1757,4.532916703124841
15988,Saint Petersburg,1758,2.126416681140661
15989,Saint Petersburg,1759,3.504750031510989
15990,Saint Petersburg,1760,2.1957500238815943
15991,Saint Petersburg,1761,4.078166619832317
15992,Saint Petersburg,1762,3.8767500061194102
15993,Saint Petersburg,1763,2.867750070263942
15994,Saint Petersburg,1764,4.192166627933582
15995,Saint Petersburg,1765,3.9683332689603166
15996,Saint Petersburg,1766,4.296833314975102
15997,Saint Petersburg,1767,3.826499989350637
15998,Saint Petersburg,1768,2.9014999871154625
15999,Saint Petersburg,1769,3.7726666300296787
16000,Saint Petersburg,1770,3.883166703502337
16001,Saint Petersburg,1771,2.946833295603593
16002,Saint Petersburg,1772,3.4472500092585885
16003,Saint Petersburg,1773,4.9276667017166815
16004,Saint Petersburg,1774,3.911750009298325
16005,Saint Petersburg,1775,5.293666686077913
16006,Saint Petersburg,1776,4.320916682024797
16007,Saint Petersburg,1777,3.723250038087368
16008,Saint Petersburg,1778,3.954666675368945
16009,Saint Petersburg,1779,5.06316671949625
16010,Saint Petersburg,1780,3.4891666917006177
16011,Saint Petersburg,1781,3.8560000478029255
16012,Saint Petersburg,1782,2.835749962091446
16013,Saint Petersburg,1783,3.8662499992052717
16014,Saint Petersburg,1784,3.210666671514511
16015,Saint Petersburg,1785,2.4203333941698078
16016,Saint Petersburg,1786,2.9065833609898886
16017,Saint Petersburg,1787,4.066583374102911
16018,Saint Petersburg,1788,3.057499960164229
16019,Saint Petersburg,1789,4.457583303391933
16020,Saint Petersburg,1790,3.69708328406016
16021,Saint Petersburg,1791,4.840666671303411
16022,Saint Petersburg,1792,3.7355833000987766
16023,Saint Petersburg,1793,4.462083381215732
16024,Saint Petersburg,1794,5.346999998946984
16025,Saint Petersburg,1795,3.5870000186165174
16026,Saint Petersburg,1796,4.301499990095695
16027,Saint Petersburg,1797,5.303000041286151
16028,Saint Petersburg,1798,4.684083372867356
16029,Saint Petersburg,1799,3.1022500197887424
16030,Saint Petersburg,1800,3.411166707038879
16031,Saint Petersburg,1801,4.282500004371007
16032,Saint Petersburg,1802,3.7565833133061726
16033,Saint Petersburg,1803,2.984749941706657
16034,Saint Petersburg,1804,3.508583350102107
16035,Saint Petersburg,1805,3.230499961614609
16036,Saint Petersburg,1806,3.7458334222435954
16037,Saint Petersburg,1807,3.5771666070222854
16038,Saint Petersburg,1808,3.0399999312559767
16039,Saint Petersburg,1809,1.5913333315054576
16040,Saint Petersburg,1810,1.7974166073004405
16041,Saint Petersburg,1811,3.4161666500171024
16042,Saint Petersburg,1812,2.269083352049192
16043,Saint Petersburg,1813,3.6867500768502555
16044,Saint Petersburg,1814,2.5775000723203023
16045,Saint Petersburg,1815,3.358250010967255
16046,Saint Petersburg,1816,3.253416729112466
16047,Saint Petersburg,1817,3.3296667002042137
16048,Saint Petersburg,1818,4.210416661327083
16049,Saint Petersburg,1819,3.7484166271885235
16050,Saint Petersburg,1820,3.0974167202077805
16051,Saint Petersburg,1821,3.7988333021004994
16052,Saint Petersburg,1822,5.611333341836929
16053,Saint Petersburg,1823,3.847666616929074
16054,Saint Petersburg,1824,4.275166643738747
16055,Saint Petersburg,1825,4.072333374341329
16056,Saint Petersburg,1826,5.7876666762729485
16057,Saint Petersburg,1827,4.421666619578997
16058,Saint Petersburg,1828,2.932583330214024
16059,Saint Petersburg,1829,1.9409166223208107
16060,Saint Petersburg,1830,3.4624999980131785
16061,Saint Petersburg,1831,3.488333328962326
16062,Saint Petersburg,1832,3.5433333573738732
16063,Saint Petersburg,1833,3.879416695356369
16064,Saint Petersburg,1834,3.6583332652846976
16065,Saint Petersburg,1835,3.1829166465004284
16066,Saint Petersburg,1836,3.615583284288024
16067,Saint Petersburg,1837,3.348666659851869
16068,Saint Petersburg,1838,2.1639165924787522
16069,Saint Petersburg,1839,2.9609999778668086
16070,Saint Petersburg,1840,2.3339166219333807
16071,Saint Petersburg,1841,4.195749954342842
16072,Saint Petersburg,1842,3.9809166355331738
16073,Saint Petersburg,1843,4.3444999405344324
16074,Saint Petersburg,1844,2.362249933063984
16075,Saint Petersburg,1845,2.6769166329701743
16076,Saint Petersburg,1846,3.891583397944768
16077,Saint Petersburg,1847,3.8259999677340186
16078,Saint Petersburg,1848,4.0509999933143455
16079,Saint Petersburg,1849,2.8974166341225303
16080,Saint Petersburg,1850,3.3124999875823655
16081,Saint Petersburg,1851,4.265166658441226
16082,Saint Petersburg,1852,2.7710000088612237
16083,Saint Petersburg,1853,4.037499974668026
16084,Saint Petersburg,1854,4.331666660010815
16085,Saint Petersburg,1855,2.9305000202258427
16086,Saint Petersburg,1856,1.9819166846647855
16087,Saint Petersburg,1857,3.990166656702757
16088,Saint Petersburg,1858,4.648583305696646
16089,Saint Petersburg,1859,4.969583347837131
16090,Saint Petersburg,1860,3.5044166705211004
16091,Saint Petersburg,1861,3.5885832647681237
16092,Saint Petersburg,1862,1.3530000025431315
16093,Saint Petersburg,1863,5.510416701436043
16094,Saint Petersburg,1864,3.1792499711513518
16095,Saint Petersburg,1865,3.151333382368088
16096,Saint Petersburg,1866,3.9034166253010434
16097,Saint Petersburg,1867,1.3587499978144961
16098,Saint Petersburg,1868,3.8865833109219867
16099,Saint Petersburg,1869,4.589416631852587
16100,Saint Petersburg,1870,2.8090000051458675
16101,Saint Petersburg,1871,2.0105833210845785
16102,Saint Petersburg,1872,4.874999990065892
16103,Saint Petersburg,1873,4.111333361705144
16104,Saint Petersburg,1874,4.297416632717786
16105,Saint Petersburg,1875,1.6132499787807466
16106,Saint Petersburg,1876,2.71016656545798
16107,Saint Petersburg,1877,2.8293333292802174
16108,Saint Petersburg,1878,4.692749948819478
16109,Saint Petersburg,1879,3.4273333193063737
16110,Saint Petersburg,1880,3.4317500500530005
16111,Saint Petersburg,1881,2.5763333187898003
16112,Saint Petersburg,1882,4.824000077466169
16113,Saint Petersburg,1883,4.111749948700269
16114,Saint Petersburg,1884,3.5676667066713175
16115,Saint Petersburg,1885,3.724333339611689
16116,Saint Petersburg,1886,4.148666688164075
16117,Saint Petersburg,1887,4.413333316141118
16118,Saint Petersburg,1888,1.757083339889844
16119,Saint Petersburg,1889,4.0126666298309965
16120,Saint Petersburg,1890,4.7784999854167305
16121,Saint Petersburg,1891,4.015749990502993
16122,Saint Petersburg,1892,2.564416690960526
16123,Saint Petersburg,1893,2.037416617035866
16124,Saint Petersburg,1894,4.7130000196297965
16125,Saint Petersburg,1895,3.4572500591278073
16126,Saint Petersburg,1896,4.411666666567325
16127,Saint Petersburg,1897,4.447333377445737
16128,Saint Petersburg,1898,4.315916657090187
16129,Saint Petersburg,1899,3.136833277026812
16130,Saint Petersburg,1900,3.2370000112745907
16131,Saint Petersburg,1901,4.278500040054321
16132,Saint Petersburg,1902,1.7716666762034097
16133,Saint Petersburg,1903,5.0530833449016015
16134,Saint Petersburg,1904,3.3367500251928965
16135,Saint Petersburg,1905,4.44758332802852
16136,Saint Petersburg,1906,4.951666605273882
16137,Saint Petersburg,1907,2.8750833253463113
16138,Saint Petersburg,1908,3.5209166934490206
16139,Saint Petersburg,1909,3.7775833271344506
16140,Saint Petersburg,1910,5.215083343277375
16141,Saint Petersburg,1911,4.105333273669084
16142,Saint Petersburg,1912,3.3946666884571317
16143,Saint Petersburg,1913,4.793833259781201
16144,Saint Petersburg,1914,4.828166650876403
16145,Saint Petersburg,1915,2.087333342353503
16146,Saint Petersburg,1916,4.027750057299932
16147,Saint Petersburg,1917,3.1028334040045737
16148,Saint Petersburg,1918,3.8804999596277874
16149,Saint Petersburg,1919,3.354249952276548
16150,Saint Petersburg,1920,5.5077499799132354
16151,Saint Petersburg,1921,4.265499980936448
16152,Saint Petersburg,1922,3.5964166529929886
16153,Saint Petersburg,1923,3.3566667300462725
16154,Saint Petersburg,1924,4.405000072618326
16155,Saint Petersburg,1925,4.877916708737612
16156,Saint Petersburg,1926,3.1997500266929464
16157,Saint Petersburg,1927,3.6478333701292676
16158,Saint Petersburg,1928,3.9657500491142272
16159,Saint Petersburg,1929,3.539749970118205
16160,Saint Petersburg,1930,5.32066671902438
16161,Saint Petersburg,1931,3.4438333124319715
16162,Saint Petersburg,1932,5.066833409746487
16163,Saint Petersburg,1933,3.5845833774407705
16164,Saint Petersburg,1934,6.073666679223378
16165,Saint Petersburg,1935,4.661666681468486
16166,Saint Petersburg,1936,5.411499958753585
16167,Saint Petersburg,1937,5.3848332551320395
16168,Saint Petersburg,1938,6.074000000476837
16169,Saint Petersburg,1939,4.573083324809869
16170,Saint Petersburg,1940,2.7573332960605623
16171,Saint Petersburg,1941,1.3170000455379485
16172,Saint Petersburg,1942,2.0620833981037143
16173,Saint Petersburg,1943,5.548583358968298
16174,Saint Petersburg,1944,4.9176666664381825
16175,Saint Petersburg,1945,3.737833322867751
16176,Saint Petersburg,1946,4.154000058876972
16177,Saint Petersburg,1947,3.465500002061948
16178,Saint Petersburg,1948,4.893999952197075
16179,Saint Petersburg,1949,5.865999988396962
16180,Saint Petersburg,1950,4.424083337744077
16181,Saint Petersburg,1951,4.3082500397761665
16182,Saint Petersburg,1952,3.749333337624867
16183,Saint Petersburg,1953,4.8400833569367725
16184,Saint Petersburg,1954,4.4540000008866185
16185,Saint Petersburg,1955,3.001666680773099
16186,Saint Petersburg,1956,2.565499983171622
16187,Saint Petersburg,1957,4.856249989072482
16188,Saint Petersburg,1958,3.261833351532618
16189,Saint Petersburg,1959,5.025999966740608
16190,Saint Petersburg,1960,4.108250012209019
16191,Saint Petersburg,1961,5.842083351512749
16192,Saint Petersburg,1962,4.038250034411749
16193,Saint Petersburg,1963,3.4835833272536596
16194,Saint Petersburg,1964,4.414166665375233
16195,Saint Petersburg,1965,3.7021666616598767
16196,Saint Petersburg,1966,2.841166644801696
16197,Saint Petersburg,1967,4.618666650315126
16198,Saint Petersburg,1968,3.448999943355719
16199,Saint Petersburg,1969,2.8580000001589454
16200,Saint Petersburg,1970,3.7988333058257897
16201,Saint Petersburg,1971,4.157750010212262
16202,Saint Petersburg,1972,5.294333331068357
16203,Saint Petersburg,1973,4.4214999589522685
16204,Saint Petersburg,1974,5.642583345562219
16205,Saint Petersburg,1975,5.885250016594926
16206,Saint Petersburg,1976,2.598916665693124
16207,Saint Petersburg,1977,3.9462499809265137
16208,Saint Petersburg,1978,2.6957499866286914
16209,Saint Petersburg,1979,4.06058332580328
16210,Saint Petersburg,1980,3.6558334080378216
16211,Saint Petersburg,1981,4.391499975740909
16212,Saint Petersburg,1982,4.482166612585385
16213,Saint Petersburg,1983,5.237583336273829
16214,Saint Petersburg,1984,5.008583357552688
16215,Saint Petersburg,1985,2.6400833417872587
16216,Saint Petersburg,1986,4.054749972899755
16217,Saint Petersburg,1987,2.2548332873185477
16218,Saint Petersburg,1988,4.930166713873545
16219,Saint Petersburg,1989,6.585916682861241
16220,Saint Petersburg,1990,5.629416659345229
16221,Saint Petersburg,1991,5.366583397448063
16222,Saint Petersburg,1992,5.415833332488934
16223,Saint Petersburg,1993,4.242250037471453
16224,Saint Petersburg,1994,4.384333331614733
16225,Saint Petersburg,1995,5.422583403982727
16226,Saint Petersburg,1996,3.9742500142653783
16227,Saint Petersburg,1997,4.6684166392584645
16228,Saint Petersburg,1998,4.246000005880991
16229,Saint Petersburg,1999,5.4401665874123575
16230,Saint Petersburg,2000,6.1846666445483764
16231,Saint Petersburg,2001,4.963499986608823
16232,Saint Petersburg,2002,5.0767499902248385
16233,Saint Petersburg,2003,4.847416665414969
16234,Saint Petersburg,2004,5.1136666626334195
16235,Saint Petersburg,2005,5.553249957720439
16236,Saint Petersburg,2006,5.47491662200292
16237,Saint Petersburg,2007,5.913250011439125
16238,Saint Petersburg,2008,6.408416683763266
16239,Saint Petersburg,2009,5.177416694323221
16240,Saint Petersburg,2010,4.239916617954771
16241,Saint Petersburg,2011,6.0562500675519315
16242,Saint Petersburg,2012,4.661000021576881
16243,Saint Petersburg,2013,6.058749867677689
19183,Toronto,1743,-0.10599999937415117
19184,Toronto,1744,8.378625030565075
19185,Toronto,1745,-3.9624999880790712
19186,Toronto,1746,
19187,Toronto,1747,
19188,Toronto,1748,
19189,Toronto,1749,
19190,Toronto,1750,6.294545509164984
19191,Toronto,1751,6.838625111222267
19192,Toronto,1752,-1.0953333057562509
19193,Toronto,1753,5.758583344979833
19194,Toronto,1754,5.944111176172893
19195,Toronto,1755,2.8054000203728675
19196,Toronto,1756,6.369000118096669
19197,Toronto,1757,5.1279090830196035
19198,Toronto,1758,4.36741670803229
19199,Toronto,1759,5.272083321561416
19200,Toronto,1760,3.7416363351805644
19201,Toronto,1761,6.254363638075915
19202,Toronto,1762,5.79440007777214
19203,Toronto,1763,3.316200034296513
19204,Toronto,1764,5.759099956321717
19205,Toronto,1765,5.136636332078414
19206,Toronto,1766,6.268750045696894
19207,Toronto,1767,4.735454519878735
19208,Toronto,1768,4.808416682086885
19209,Toronto,1769,5.438333397507667
19210,Toronto,1770,5.347666743278503
19211,Toronto,1771,6.232333337783814
19212,Toronto,1772,5.933333330353101
19213,Toronto,1773,6.224750034640233
19214,Toronto,1774,5.63881810912219
19215,Toronto,1775,6.640249930391708
19216,Toronto,1776,5.6905833010673526
19217,Toronto,1777,5.22899997810026
19218,Toronto,1778,3.17959999423027
19219,Toronto,1779,6.102666671355565
19220,Toronto,1780,8.700999957799912
19221,Toronto,1781,5.955166644831498
19222,Toronto,1782,5.392499982963006
19223,Toronto,1783,5.109083363771439
19224,Toronto,1784,4.8974999396006265
19225,Toronto,1785,4.8328333117167155
19226,Toronto,1786,5.352583306272824
19227,Toronto,1787,5.365833307902018
19228,Toronto,1788,6.002166637818019
19229,Toronto,1789,5.704583379824957
19230,Toronto,1790,5.638666674305996
19231,Toronto,1791,5.719083239297071
19232,Toronto,1792,5.147916685541471
19233,Toronto,1793,6.021916674594085
19234,Toronto,1794,6.053000038181742
19235,Toronto,1795,5.596249980259066
19236,Toronto,1796,5.478583250164985
19237,Toronto,1797,5.208583373943965
19238,Toronto,1798,6.029083419303099
19239,Toronto,1799,5.618833303491274
19240,Toronto,1800,5.848833370149136
19241,Toronto,1801,6.234500079909961
19242,Toronto,1802,6.46075006143252
19243,Toronto,1803,6.231666656161348
19244,Toronto,1804,6.020999974091848
19245,Toronto,1805,6.4904166221867
19246,Toronto,1806,5.69649999421835
19247,Toronto,1807,5.492250016361475
19248,Toronto,1808,5.657583411673705
19249,Toronto,1809,4.896333265542984
19250,Toronto,1810,5.24291671226422
19251,Toronto,1811,5.375916668526828
19252,Toronto,1812,3.9697500432332355
19253,Toronto,1813,5.309333304047585
19254,Toronto,1814,5.162500011920929
19255,Toronto,1815,4.519916635314623
19256,Toronto,1816,3.9974166472852235
19257,Toronto,1817,4.123583307683468
19258,Toronto,1818,4.842000043551127
19259,Toronto,1819,5.069000027696291
19260,Toronto,1820,5.079333324313164
19261,Toronto,1821,4.877916642924149
19262,Toronto,1822,5.644749977171421
19263,Toronto,1823,4.862749917427698
19264,Toronto,1824,5.37683332028985
19265,Toronto,1825,6.455583324958881
19266,Toronto,1826,6.226583322644234
19267,Toronto,1827,6.031083334406218
19268,Toronto,1828,6.815666595369578
19269,Toronto,1829,5.457833321650823
19270,Toronto,1830,6.234583335717519
19271,Toronto,1831,4.955333289392914
19272,Toronto,1832,5.898666643460591
19273,Toronto,1833,5.88158340271314
19274,Toronto,1834,6.159250037809213
19275,Toronto,1835,5.111833338618278
19276,Toronto,1836,4.2710832969546315
19277,Toronto,1837,4.887499934434891
19278,Toronto,1838,4.484249967277051
19279,Toronto,1839,5.6181666609843575
19280,Toronto,1840,5.877999891281128
19281,Toronto,1841,5.330333345194657
19282,Toronto,1842,5.745749987622102
19283,Toronto,1843,4.81033338701725
19284,Toronto,1844,5.80208341901501
19285,Toronto,1845,5.809249987393618
19286,Toronto,1846,6.46833329876264
19287,Toronto,1847,5.108583302418391
19288,Toronto,1848,5.677166683514913
19289,Toronto,1849,5.181583354036014
19290,Toronto,1850,5.447166698813439
19291,Toronto,1851,5.448333350519339
19292,Toronto,1852,5.266583390494188
19293,Toronto,1853,5.698000026782354
19294,Toronto,1854,5.8952499963045115
19295,Toronto,1855,5.162999993801117
19296,Toronto,1856,4.259666736066341
19297,Toronto,1857,4.641083324174086
19298,Toronto,1858,5.928083282192548
19299,Toronto,1859,5.539916617085535
19300,Toronto,1860,5.578749992251396
19301,Toronto,1861,5.44991665627559
19302,Toronto,1862,5.21091663513581
19303,Toronto,1863,5.360833315253257
19304,Toronto,1864,5.469749991079172
19305,Toronto,1865,5.699833239038785
19306,Toronto,1866,4.884833284934362
19307,Toronto,1867,5.111499972661337
19308,Toronto,1868,4.590083297332128
19309,Toronto,1869,4.736166676243147
19310,Toronto,1870,6.22074989771843
19311,Toronto,1871,5.257499981833001
19312,Toronto,1872,4.830416702826818
19313,Toronto,1873,4.639500020901362
19314,Toronto,1874,5.473916593670846
19315,Toronto,1875,3.466500026901563
19316,Toronto,1876,5.407833385229111
19317,Toronto,1877,6.481083339621623
19318,Toronto,1878,7.145666697541873
19319,Toronto,1879,5.360583380502959
19320,Toronto,1880,6.18574995414416
19321,Toronto,1881,6.313000039001306
19322,Toronto,1882,5.966166667153438
19323,Toronto,1883,4.058583316326142
19324,Toronto,1884,5.289916587593655
19325,Toronto,1885,3.829166688521703
19326,Toronto,1886,5.167583290645232
19327,Toronto,1887,5.301583366354307
19328,Toronto,1888,4.386333364685377
19329,Toronto,1889,5.957000073154767
19330,Toronto,1890,5.709583342671395
19331,Toronto,1891,6.277916725377242
19332,Toronto,1892,5.398999991411965
19333,Toronto,1893,4.82966665550073
19334,Toronto,1894,6.642166645566622
19335,Toronto,1895,5.124666688680649
19336,Toronto,1896,5.752666778643927
19337,Toronto,1897,5.888583320399126
19338,Toronto,1898,6.587916572590669
19339,Toronto,1899,5.697083293994267
19340,Toronto,1900,6.474166669050852
19341,Toronto,1901,5.70183340994517
19342,Toronto,1902,5.79783333337307
19343,Toronto,1903,5.792833293537299
19344,Toronto,1904,3.8544998848537606
19345,Toronto,1905,5.2122499834795795
19346,Toronto,1906,6.191583289662997
19347,Toronto,1907,4.828999978224436
19348,Toronto,1908,6.223249975999196
19349,Toronto,1909,5.8275832536220555
19350,Toronto,1910,5.769666644374529
19351,Toronto,1911,6.425833343863487
19352,Toronto,1912,4.823499968926112
19353,Toronto,1913,6.675833319028218
19354,Toronto,1914,5.591000117043655
19355,Toronto,1915,5.995749955336254
19356,Toronto,1916,5.885666732112566
19357,Toronto,1917,3.9134167024890583
19358,Toronto,1918,5.569833296060562
19359,Toronto,1919,6.535333336850008
19360,Toronto,1920,5.2376667075653875
19361,Toronto,1921,7.746583242326975
19362,Toronto,1922,6.498583399573962
19363,Toronto,1923,5.4903333756923685
19364,Toronto,1924,4.862750061472257
19365,Toronto,1925,5.631833411037921
19366,Toronto,1926,4.340999931400021
19367,Toronto,1927,6.102333394805591
19368,Toronto,1928,5.857999990224838
19369,Toronto,1929,5.472999990026156
19370,Toronto,1930,6.442999939759573
19371,Toronto,1931,7.555416704813639
19372,Toronto,1932,6.6189165605405975
19373,Toronto,1933,6.660249944448471
19374,Toronto,1934,5.435749934275944
19375,Toronto,1935,5.598333355983098
19376,Toronto,1936,5.545833227038384
19377,Toronto,1937,6.316083312749863
19378,Toronto,1938,6.905000008046628
19379,Toronto,1939,6.143749994784593
19380,Toronto,1940,5.058999965409438
19381,Toronto,1941,6.679916722933451
19382,Toronto,1942,6.256250040481487
19383,Toronto,1943,5.188416725337506
19384,Toronto,1944,6.487999987840652
19385,Toronto,1945,5.901833354314168
19386,Toronto,1946,6.901416692813238
19387,Toronto,1947,6.180666720589002
19388,Toronto,1948,6.382916687726975
19389,Toronto,1949,7.314583427024385
19390,Toronto,1950,5.63958330899477
19391,Toronto,1951,6.259083406488101
19392,Toronto,1952,7.013416657288869
19393,Toronto,1953,7.50625001192093
19394,Toronto,1954,6.243083355506261
19395,Toronto,1955,6.9747500507831575
19396,Toronto,1956,5.745750044743221
19397,Toronto,1957,6.4249166756471
19398,Toronto,1958,5.624333238283793
19399,Toronto,1959,6.4037499602139
19400,Toronto,1960,5.896833366632461
19401,Toronto,1961,6.461666699846585
19402,Toronto,1962,5.891333287795384
19403,Toronto,1963,5.486583352645238
19404,Toronto,1964,6.504083408872287
19405,Toronto,1965,5.590666684031486
19406,Toronto,1966,6.028000050723553
19407,Toronto,1967,5.656500030676525
19408,Toronto,1968,6.112666748543581
19409,Toronto,1969,6.034333291133245
19410,Toronto,1970,5.975416673421859
19411,Toronto,1971,6.372083275119464
19412,Toronto,1972,5.221583272874356
19413,Toronto,1973,7.231000062704086
19414,Toronto,1974,6.01166665116946
19415,Toronto,1975,6.749833349307377
19416,Toronto,1976,5.472000001430512
19417,Toronto,1977,6.185999962468942
19418,Toronto,1978,5.241166693727176
19419,Toronto,1979,5.90483330457906
19420,Toronto,1980,5.476749975820383
19421,Toronto,1981,6.163916711688042
19422,Toronto,1982,6.044333306233089
19423,Toronto,1983,6.784500058551629
19424,Toronto,1984,6.423083324313164
19425,Toronto,1985,6.130666645089786
19426,Toronto,1986,6.555666667193175
19427,Toronto,1987,7.4575833209318425
19428,Toronto,1988,6.56491663869222
19429,Toronto,1989,5.702749983787537
19430,Toronto,1990,7.414833321541548
19431,Toronto,1991,7.545083368460337
19432,Toronto,1992,5.789333303650221
19433,Toronto,1993,5.874916644851367
19434,Toronto,1994,5.946500006635984
19435,Toronto,1995,6.380166626888017
19436,Toronto,1996,5.811666674514612
19437,Toronto,1997,6.000166695396106
19438,Toronto,1998,8.540583273872732
19439,Toronto,1999,7.74508329296112
19440,Toronto,2000,6.673999863386154
19441,Toronto,2001,7.761666639372706
19442,Toronto,2002,7.48233337255319
19443,Toronto,2003,6.022000017325084
19444,Toronto,2004,6.395833401940763
19445,Toronto,2005,7.216750002940496
19446,Toronto,2006,7.846833299204707
19447,Toronto,2007,7.071333370844523
19448,Toronto,2008,6.576749985257784
19449,Toronto,2009,6.282583334684372
19450,Toronto,2010,7.774500016132991
19451,Toronto,2011,7.299583324591318
19452,Toronto,2012,8.664666684508324
19453,Toronto,2013,8.459444430669148
